title,url,source,published,snippet,query,also_covered_by,relevance_score,credibility_score,confidence_score,combined_score,include_in_newsletter
ITC Hotels to acquire GHK Hospitality for ₹155 crore; shares decline 5% - Upstox,https://news.google.com/rss/articles/CBMixgFBVV95cUxOQ3RtcEVCS21Ya0JmWWZiQ0ItNmJheGdNeUhKZjBRSjF4anZkUU9qcU5ZOGFzSlZOT2EtNnpYYnozWDZ1TE1tSnlrZWVQZHhndnBmLXc1YzdkS0xLMExDTjJLTkpTdTRDak9ic2xnVDBscV9HWVNmMDZfQWQwc085Y2tJSS1PVnNmQ2NFRFRoWk9pME9pVDh3NkFoUDNhUTBUaUhlZ0hTMU1fUGk3cUpTT0loY3MzUEV6SGFDSFd0eHdoUkZ5ZFE?oc=5,Upstox,2026-07-16T09:07:19+00:00,"<a href=""https://news.google.com/rss/articles/CBMixgFBVV95cUxOQ3RtcEVCS21Ya0JmWWZiQ0ItNmJheGdNeUhKZjBRSjF4anZkUU9qcU5ZOGFzSlZOT2EtNnpYYnozWDZ1TE1tSnlrZWVQZHhndnBmLXc1YzdkS0xLMExDTjJLTkpTdTRDak9ic2xnVDBscV9HWVNmMDZfQWQwc085Y2tJSS1PVnNmQ2NFRFRoWk9pME9pVDh3NkFoUDNhUTBUaUhlZ0hTMU1fUGk3cUpTT0loY3MzUEV6SGFDSFd0eHdoUkZ5ZFE?oc=5"" target=""_blank"">ITC Hotels to acquire GHK Hospitality for ₹155 crore; shares decline 5%</a>&nbsp;&nbsp;<font color=""#6f6f6f"">Upstox</font>","""ITC"" acquisition","['Storyboard18', 'Rediff MoneyWiz', 'livemint.com', 'Upstox', 'The Times of India', 'Lapaas Voice', 'The Economic Times']",0.9,0.5,0.7,0.73,True
"Adani Group Eyes ITC Hotels and Accor to Manage Jaypee Hospitality Assets Post ₹14,535 Cr Takeover - Sahi",https://news.google.com/rss/articles/CBMi0gFBVV95cUxQWW1QMnE3SWNqdGY5N3NvZ29sWmhfWXI0WHRZbGFMUmZJamZDWXV6bi0ydjJ3X1V4UUZvbGVoYVZMNnpwWmpRSm9PQVhyM0JMaGFnMEZ2TW1IalBBTDBLZWo3YVFScy02X0M5Qk8wUW1ZZGdRNkZqSDRJd0JDdnY2VVNHZFJFaUtEU3FTZ0doS2R4eFliemRUUGEzd0N5aXlSTEdmRXhZelVXSHU5dVkzVnFybUtPUkhyOXliQ3h4OHh0WTNqbmQyYzVtclhxMGxHT2c?oc=5,Sahi,2026-07-16T04:24:30+00:00,"<a href=""https://news.google.com/rss/articles/CBMi0gFBVV95cUxQWW1QMnE3SWNqdGY5N3NvZ29sWmhfWXI0WHRZbGFMUmZJamZDWXV6bi0ydjJ3X1V4UUZvbGVoYVZMNnpwWmpRSm9PQVhyM0JMaGFnMEZ2TW1IalBBTDBLZWo3YVFScy02X0M5Qk8wUW1ZZGdRNkZqSDRJd0JDdnY2VVNHZFJFaUtEU3FTZ0doS2R4eFliemRUUGEzd0N5aXlSTEdmRXhZelVXSHU5dVkzVnFybUtPUkhyOXliQ3h4OHh0WTNqbmQyYzVtclhxMGxHT2c?oc=5"" target=""_blank"">Adani Group Eyes ITC Hotels and Accor to Manage Jaypee Hospitality Assets Post ₹14,535 Cr Takeover</a>&nbsp;&nbsp;<font color=""#6f6f6f"">Sahi</font>","""ITC"" acquisition","['NiftyTrader', 'The Economic Times']",0.9,0.5,0.7,0.73,True
ITC Hotels signs Rs 155 crore Welcomhotel Ahmedabad acquisition - BW Hotelier,https://news.google.com/rss/articles/CBMiqAFBVV95cUxNRFBSa2lmUS1BdlRUOHZPVWkza0h2UXBxMlFJYko0V2EycTY2VlBNbVE2ck5TNXAwemo3YmlRMjZqZURxYWZfQ0pXb2RVeEswNkNrTVBMamFreUw1MXJGZ1hKSjViWGhjcGZ2ODkxcmtVcFJYUWhxTy1FZ1dUSVktZ0Y0bThSdEVaaUFweG93SXBpOVdnczcwVUU1dUhqRFZCZjl3RlQwb0I?oc=5,BW Hotelier,2026-07-16T11:14:48+00:00,"<a href=""https://news.google.com/rss/articles/CBMiqAFBVV95cUxNRFBSa2lmUS1BdlRUOHZPVWkza0h2UXBxMlFJYko0V2EycTY2VlBNbVE2ck5TNXAwemo3YmlRMjZqZURxYWZfQ0pXb2RVeEswNkNrTVBMamFreUw1MXJGZ1hKSjViWGhjcGZ2ODkxcmtVcFJYUWhxTy1FZ1dUSVktZ0Y0bThSdEVaaUFweG93SXBpOVdnczcwVUU1dUhqRFZCZjl3RlQwb0I?oc=5"" target=""_blank"">ITC Hotels signs Rs 155 crore Welcomhotel Ahmedabad acquisition</a>&nbsp;&nbsp;<font color=""#6f6f6f"">BW Hotelier</font>","""ITC"" acquisition",['The Times of India'],0.9,0.5,0.55,0.693,True
"Marico's acquired brands generate ₹1,552 crore in FY26 - livemint.com",https://news.google.com/rss/articles/CBMivAFBVV95cUxNZlJwQjM0ejZUTGxlY256MENOakxqVnJSVzBvc3djbGEwRkhVbElHVTZvVmlJN185bWV2bUp4OUllTGc4TTMxRTI1ODQ3LUkyazN3NVBkYndueUppMEJ6RFNsaEFUNHluTVpoQzJYV1gtNFpmSUM1RjZIYmI0MmJkZEg3RjM4X0MxUVF3MDlaZkJRXzNyTzE1VDRvNE5rWXFTczdkQ3VtLUY3dnp0dFhWMF9rQ245Nk1ublJGa9IBwgFBVV95cUxNZFdJMWZpYXNjeFhacXQtN19oTlJqS25PQzZ5Qjl2V0JKMHFwek54dWROSFdoQVFhbFVaeU01VkI4RE94WFZTNGxHZFNWakI3UlFncmFfeFc2MXY0YzI1TU9YM3Z0MzY0V3JmMGpNQk5QeUZMaEZQZW4xOFg1YUo4aURMcnBpMjcxdWxJTDJIUHVKWTZpNzY4cXFXaGh3NEI0azZpcjl0VjVJVC0wa3NFYmNicEw4N0tkRmNiUjc2d2VPUQ?oc=5,livemint.com,2026-07-09T14:03:54+00:00,"<a href=""https://news.google.com/rss/articles/CBMivAFBVV95cUxNZlJwQjM0ejZUTGxlY256MENOakxqVnJSVzBvc3djbGEwRkhVbElHVTZvVmlJN185bWV2bUp4OUllTGc4TTMxRTI1ODQ3LUkyazN3NVBkYndueUppMEJ6RFNsaEFUNHluTVpoQzJYV1gtNFpmSUM1RjZIYmI0MmJkZEg3RjM4X0MxUVF3MDlaZkJRXzNyTzE1VDRvNE5rWXFTczdkQ3VtLUY3dnp0dFhWMF9rQ245Nk1ublJGa9IBwgFBVV95cUxNZFdJMWZpYXNjeFhacXQtN19oTlJqS25PQzZ5Qjl2V0JKMHFwek54dWROSFdoQVFhbFVaeU01VkI4RE94WFZTNGxHZFNWakI3UlFncmFfeFc2MXY0YzI1TU9YM3Z0MzY0V3JmMGpNQk5QeUZMaEZQZW4xOFg1YUo4aURMcnBpMjcxdWxJTDJIUHVKWTZpNzY4cXFXaGh3NEI0azZpcjl0VjVJVC0wa3NFYmNicEw4N0tkRmNiUjc2d2VPUQ?oc=5"" target=""_blank"">Marico's acquired brands generate ₹1,552 crore in FY26</a>&nbsp;&nbsp;<font color=""#6f6f6f"">livemint.com</font>","""Marico"" acquisition",['Lapaas Voice'],0.9,0.5,0.55,0.693,True
"ITC Hotels Q1 results, GHK acquisition: Net profit up 35%; occupancy, room rates, other key highlights - Business Today",https://news.google.com/rss/articles/CBMizwFBVV95cUxQbm4xQ3YxZGVpWGtUSms0ekN2WWxSMldjVDdsQ2d3c0p4dGNwZDFYZkpBenlGQmV2SXppVjlPWkY5MkZTdUpLSnF0LXV0ZlhSSVd5R3VJUzlWelN4WEJKdVdzSUUzbGp5R3AzRjR3ejU5cS1lOE93RDFCTHFsTF9ET2tkTktnMkFDaHBJLUhzQl9CRnNoZXNCbnFwMUhYTVZ1MlBVSHd5WnAzb0o0SFYtNDgtclVrM2hQWUNTMWpkTDJESlE0WlI4R3d2NkZDbEXSAdQBQVVfeXFMTlZtcnYyNFYycmFhdENNNS0ybjg5QzZhdmhfbHR1eEtNazY2OE1xTTNhdTlQZGFpOEFJT0kyZWdMLV9PSjhmdmt2akExbUNzbnFaYUhDOGNZLWdmZFBLQmItSW1VX0xPZm5NWnVfRWJSczhpc0VHY3ZGVTkyUXBLdGN0R1lFRGNFUkVsZkpRaGdUSjUtZi1McnRPZlltQkk3OWhQRk9IR21iWmJEckF2NXQ2WEVWOHRSX3kyOXFISXVLTy04dkhKTDVrc3VzUjU4X2FfOTM?oc=5,Business Today,2026-07-16T08:51:57+00:00,"<a href=""https://news.google.com/rss/articles/CBMizwFBVV95cUxQbm4xQ3YxZGVpWGtUSms0ekN2WWxSMldjVDdsQ2d3c0p4dGNwZDFYZkpBenlGQmV2SXppVjlPWkY5MkZTdUpLSnF0LXV0ZlhSSVd5R3VJUzlWelN4WEJKdVdzSUUzbGp5R3AzRjR3ejU5cS1lOE93RDFCTHFsTF9ET2tkTktnMkFDaHBJLUhzQl9CRnNoZXNCbnFwMUhYTVZ1MlBVSHd5WnAzb0o0SFYtNDgtclVrM2hQWUNTMWpkTDJESlE0WlI4R3d2NkZDbEXSAdQBQVVfeXFMTlZtcnYyNFYycmFhdENNNS0ybjg5QzZhdmhfbHR1eEtNazY2OE1xTTNhdTlQZGFpOEFJT0kyZWdMLV9PSjhmdmt2akExbUNzbnFaYUhDOGNZLWdmZFBLQmItSW1VX0xPZm5NWnVfRWJSczhpc0VHY3ZGVTkyUXBLdGN0R1lFRGNFUkVsZkpRaGdUSjUtZi1McnRPZlltQkk3OWhQRk9IR21iWmJEckF2NXQ2WEVWOHRSX3kyOXFISXVLTy04dkhKTDVrc3VzUjU4X2FfOTM?oc=5"" target=""_blank"">ITC Hotels Q1 results, GHK acquisition: Net profit up 35%; occupancy, room rates, other key highlights</a>&nbsp;&nbsp;<font color=""#6f6f6f"">Business Today</font>","""ITC"" acquisition",,0.9,0.5,0.4,0.655,True
ITC Properties to acquire 20% stake in PYI Investment through HKD 336.68 million deal - Prop News Time,https://news.google.com/rss/articles/CBMi0wFBVV95cUxNYTZZQUczejhxOTdSQnFNUlZ3Y0ZwcG1CLVZDb2doMG81R0UwV3BtUXNyTElteko5TmdLNmZ5MHYyX3VjNEg2OG9Xb2tDT2g3VmIxaUhTV3pIUThVN3VrTk1ITHVxZXhjeTBTUGpnY01GbFEweWh3WUdrNXFMN0tHZHBTRkhMWmlodlg5OE80cldFbTJQdndNalhCZWcyZlU4Y2xZLXRhbjkzcDdrLTBkUnlRdG0welE0emQxem5WS09nWG1XU2RvLUtFQWdYN3ZnbXdv?oc=5,Prop News Time,2026-07-07T07:00:00+00:00,"<a href=""https://news.google.com/rss/articles/CBMi0wFBVV95cUxNYTZZQUczejhxOTdSQnFNUlZ3Y0ZwcG1CLVZDb2doMG81R0UwV3BtUXNyTElteko5TmdLNmZ5MHYyX3VjNEg2OG9Xb2tDT2g3VmIxaUhTV3pIUThVN3VrTk1ITHVxZXhjeTBTUGpnY01GbFEweWh3WUdrNXFMN0tHZHBTRkhMWmlodlg5OE80cldFbTJQdndNalhCZWcyZlU4Y2xZLXRhbjkzcDdrLTBkUnlRdG0welE0emQxem5WS09nWG1XU2RvLUtFQWdYN3ZnbXdv?oc=5"" target=""_blank"">ITC Properties to acquire 20% stake in PYI Investment through HKD 336.68 million deal</a>&nbsp;&nbsp;<font color=""#6f6f6f"">Prop News Time</font>","""ITC"" acquisition",,0.9,0.5,0.4,0.655,True
"Marico plans to step up acquisitions in FY27 as digital brands cross ₹1,100 crore ARR - BusinessLine",https://news.google.com/rss/articles/CBMi6wFBVV95cUxNUk9pWXc2eUxTZkF4dTlKVXpubzZjdmJpcnJ4YXJqTjhTQmtlZHJGOVZ5SmNSTVBYZUpDSDE1Y0VvX09vbjREZTlsSV8tb0hTcEZtQlU1LU4yRlFEbVN5THBuLXVUc3A4amtkY292ZHBwZEZ3TXJxVU9LalctY1R1U1F2OE1YMURYTVVGci11OERXQnNwUW1tMlRZdUxOSTF0VmpQMW5qT3hBQU1hSzdsb190ZEROMUc4aXNpVUVYLU93RFR3V0RteE13Z1AxeGJxLVhtRmtvZ3d5QmlrUXZBV0FpUnNRdWtzNmRJ0gHrAUFVX3lxTE1ST2lZdzZ5TFNmQXh1OUpVem5vNmN2YmlycnhhcmpOOFNCa2VkckY5VnlKY1JNUFhlSkNIMTVjRW9fT29uNERlOWxJXy1vSFNwRm1CVTUtTjJGUURtU3lMcG4tdVRzcDhqa2Rjb3ZkcHBkRndNcnFVT0tqVy1jVHVTUXY4TVgxRFhNVUZyLXU4RFdCc3BRbW0yVFl1TE5JMXRWalAxbmpPeEFBTWFLN2xvX3RkRE4xRzhpc2lVRVgtT3dEVHdXRG14TXdnUDF4YnEtWG1Ga29nd3lCaWtRdkFXQWlSc1F1a3M2ZEk?oc=5,BusinessLine,2026-07-16T07:57:47+00:00,"<a href=""https://news.google.com/rss/articles/CBMi6wFBVV95cUxNUk9pWXc2eUxTZkF4dTlKVXpubzZjdmJpcnJ4YXJqTjhTQmtlZHJGOVZ5SmNSTVBYZUpDSDE1Y0VvX09vbjREZTlsSV8tb0hTcEZtQlU1LU4yRlFEbVN5THBuLXVUc3A4amtkY292ZHBwZEZ3TXJxVU9LalctY1R1U1F2OE1YMURYTVVGci11OERXQnNwUW1tMlRZdUxOSTF0VmpQMW5qT3hBQU1hSzdsb190ZEROMUc4aXNpVUVYLU93RFR3V0RteE13Z1AxeGJxLVhtRmtvZ3d5QmlrUXZBV0FpUnNRdWtzNmRJ0gHrAUFVX3lxTE1ST2lZdzZ5TFNmQXh1OUpVem5vNmN2YmlycnhhcmpOOFNCa2VkckY5VnlKY1JNUFhlSkNIMTVjRW9fT29uNERlOWxJXy1vSFNwRm1CVTUtTjJGUURtU3lMcG4tdVRzcDhqa2Rjb3ZkcHBkRndNcnFVT0tqVy1jVHVTUXY4TVgxRFhNVUZyLXU4RFdCc3BRbW0yVFl1TE5JMXRWalAxbmpPeEFBTWFLN2xvX3RkRE4xRzhpc2lVRVgtT3dEVHdXRG14TXdnUDF4YnEtWG1Ga29nd3lCaWtRdkFXQWlSc1F1a3M2ZEk?oc=5"" target=""_blank"">Marico plans to step up acquisitions in FY27 as digital brands cross ₹1,100 crore ARR</a>&nbsp;&nbsp;<font color=""#6f6f6f"">BusinessLine</font>","""Marico"" acquisition",,0.9,0.5,0.4,0.655,True
ITC Infotech emerges as frontrunner to acquire majority stake in Happiest Minds - Moneycontrol.com,https://news.google.com/rss/articles/CBMi8AFBVV95cUxPeFVUeHhGa19scmI0dmxrUWdlZk9pZWM0aW1kbGxPR0hrR0c4a1d0dXhPRkU4YUlJczZ5b0hVTWVIY2laMzlGREFuNUdoMDJGQmZJcEVoTXAzdzhNYUhJYkZvWDk2T3A5MHFIMHdLWGNiOENtVi1raVU0bXJEemN6Z2NhWDg0T1FCcjVoQzZZX0lpRG10RDNTQmc3UUVScm5OTVAtVVI2MFQzeWZnQ1QwMlFicGZ1M3RuSjNCSmJmajhWaVlVWnl2LWJyeHdFY0dhVE16YlFWRU0tTVZxX3ZTb1hPM0FnQzVuUmlrdUN6Mk3SAfYBQVVfeXFMTXpCTmFyZTVtUGVQR0d2Q1lzVWQyN1kzS0wzV3ZlMmEtUDdqX3liUk5LdDlLQXY5QXdzQWRIam9rSGxxWnA4MjJlTzVKU0dJd2xEX19zckV5T2xTQ3REVldySkNJSnp6aHFqU1AtUkhFcm1DeWlsbldIdEI0VmVhekE3cUhqZE1mRGdDUDR6LUF6dkNsbVFHcFd4eXBxNzJvN2lhZEpJOVRuS2ZzeldYcTBEUXEycTJnVGZBdjhpbXpwQ0J5ekgxaTdMZ09JU192ZVAtUWhYYlFQOGs5LW9wTHNQVTVfQnZRTS1Ob0lYMDEwZTRWRVR3?oc=5,Moneycontrol.com,2026-07-13T07:56:07+00:00,"<a href=""https://news.google.com/rss/articles/CBMi8AFBVV95cUxPeFVUeHhGa19scmI0dmxrUWdlZk9pZWM0aW1kbGxPR0hrR0c4a1d0dXhPRkU4YUlJczZ5b0hVTWVIY2laMzlGREFuNUdoMDJGQmZJcEVoTXAzdzhNYUhJYkZvWDk2T3A5MHFIMHdLWGNiOENtVi1raVU0bXJEemN6Z2NhWDg0T1FCcjVoQzZZX0lpRG10RDNTQmc3UUVScm5OTVAtVVI2MFQzeWZnQ1QwMlFicGZ1M3RuSjNCSmJmajhWaVlVWnl2LWJyeHdFY0dhVE16YlFWRU0tTVZxX3ZTb1hPM0FnQzVuUmlrdUN6Mk3SAfYBQVVfeXFMTXpCTmFyZTVtUGVQR0d2Q1lzVWQyN1kzS0wzV3ZlMmEtUDdqX3liUk5LdDlLQXY5QXdzQWRIam9rSGxxWnA4MjJlTzVKU0dJd2xEX19zckV5T2xTQ3REVldySkNJSnp6aHFqU1AtUkhFcm1DeWlsbldIdEI0VmVhekE3cUhqZE1mRGdDUDR6LUF6dkNsbVFHcFd4eXBxNzJvN2lhZEpJOVRuS2ZzeldYcTBEUXEycTJnVGZBdjhpbXpwQ0J5ekgxaTdMZ09JU192ZVAtUWhYYlFQOGs5LW9wTHNQVTVfQnZRTS1Ob0lYMDEwZTRWRVR3?oc=5"" target=""_blank"">ITC Infotech emerges as frontrunner to acquire majority stake in Happiest Minds</a>&nbsp;&nbsp;<font color=""#6f6f6f"">Moneycontrol.com</font>","""ITC"" acquisition","['The Times of India', 'outlookbusiness.com', 'analyticsindiamag.com', 'TradingView', 'Moneycontrol.com']",0.9,0.5,0.3,0.63,True
CMA Investigates Danone's Huel Acquisition - Asian Trader,https://news.google.com/rss/articles/CBMiaEFVX3lxTE5TdFJ0alBWel9XUllBd3dwRV9vQlVqeDBnN21lMVhqUkVFdTZoSk9RYkdGUGMyYk41a0ZhTnVKaFV5M3FGQjhkMy1wMk9xcnJPd3ZkU29RMFI0bnRNVS1QaThzOE1EZ08x?oc=5,Asian Trader,2026-07-16T08:51:30+00:00,"<a href=""https://news.google.com/rss/articles/CBMiaEFVX3lxTE5TdFJ0alBWel9XUllBd3dwRV9vQlVqeDBnN21lMVhqUkVFdTZoSk9RYkdGUGMyYk41a0ZhTnVKaFV5M3FGQjhkMy1wMk9xcnJPd3ZkU29RMFI0bnRNVS1QaThzOE1EZ08x?oc=5"" target=""_blank"">CMA Investigates Danone's Huel Acquisition</a>&nbsp;&nbsp;<font color=""#6f6f6f"">Asian Trader</font>","""Danone"" acquisition",['Insider Media Ltd'],0.9,0.5,0.15,0.593,True
"CORDA Investment Management LLC. Acquires 20,289 Shares of Mondelez International, Inc. $MDLZ - MarketBeat",https://news.google.com/rss/articles/CBMi4wFBVV95cUxQb1FjOXlsS3hDVk81cFplTzlrWEFjRTF0Sy05N2lVRG1uLVBza2NyVFZDSC1QVHNJSHVNNEFwS3pJZ1paYll6Y1lXTGxDVXdnTm5EaGtaVXhvVld5a2EtWnNuV1ZYZEQtbmhXN3VfcTl1Q2ZqZUFfT2JBR0RhdDhWZGcwaGpCLXVBNWVrZV9NNkV6X1p6d1phQi1pUnFycXo5QXVvcmRxd0NJa2kzVjMzMko1dnNybWpjMFBIUzRiZXlSSlg4a1lmMXUxYThtVEE1Ylg0SzA2bDFHTXk2NUZoelZTZw?oc=5,MarketBeat,2026-07-13T08:26:35+00:00,"<a href=""https://news.google.com/rss/articles/CBMi4wFBVV95cUxQb1FjOXlsS3hDVk81cFplTzlrWEFjRTF0Sy05N2lVRG1uLVBza2NyVFZDSC1QVHNJSHVNNEFwS3pJZ1paYll6Y1lXTGxDVXdnTm5EaGtaVXhvVld5a2EtWnNuV1ZYZEQtbmhXN3VfcTl1Q2ZqZUFfT2JBR0RhdDhWZGcwaGpCLXVBNWVrZV9NNkV6X1p6d1phQi1pUnFycXo5QXVvcmRxd0NJa2kzVjMzMko1dnNybWpjMFBIUzRiZXlSSlg4a1lmMXUxYThtVEE1Ylg0SzA2bDFHTXk2NUZoelZTZw?oc=5"" target=""_blank"">CORDA Investment Management LLC. Acquires 20,289 Shares of Mondelez International, Inc. $MDLZ</a>&nbsp;&nbsp;<font color=""#6f6f6f"">MarketBeat</font>","""Mondelez"" acquires",['MarketBeat'],0.9,0.5,0.15,0.593,True
Coca-Cola HBC Says Egypt Is Shifting From Acquisition Story to Growth Engine - MarketBeat,https://news.google.com/rss/articles/CBMiygFBVV95cUxNSFNfY04zYnA0akk1UmtGYTNMOGQ2UlZVTXJOR3VZUkFvcEZ0b3ZhY0dKcU8xN1dUS2lPQUFnUHNjeFg0MHlteDlmaWpCN001c2E4UGdLUW5kaGlsWm03Nlg5LTBfenJwZ2J3aGk0NHBvQ2ZtZTFHelA2TkNfRUlkZTlLMUplRWo5bFVhdVhlQjUwY1FMRnVPTGdEVFU3MDVOc2RFc1EzZ0JtYnRiZllxR1FZZ2xSd1d5Rkt4YzR4LTVBd21OXzdqSmFB?oc=5,MarketBeat,2026-07-09T17:08:46+00:00,"<a href=""https://news.google.com/rss/articles/CBMiygFBVV95cUxNSFNfY04zYnA0akk1UmtGYTNMOGQ2UlZVTXJOR3VZUkFvcEZ0b3ZhY0dKcU8xN1dUS2lPQUFnUHNjeFg0MHlteDlmaWpCN001c2E4UGdLUW5kaGlsWm03Nlg5LTBfenJwZ2J3aGk0NHBvQ2ZtZTFHelA2TkNfRUlkZTlLMUplRWo5bFVhdVhlQjUwY1FMRnVPTGdEVFU3MDVOc2RFc1EzZ0JtYnRiZllxR1FZZ2xSd1d5Rkt4YzR4LTVBd21OXzdqSmFB?oc=5"" target=""_blank"">Coca-Cola HBC Says Egypt Is Shifting From Acquisition Story to Growth Engine</a>&nbsp;&nbsp;<font color=""#6f6f6f"">MarketBeat</font>","""Coca-Cola"" acquisition",['Yahoo Finance'],0.9,0.5,0.15,0.593,True
REG - Competition and Mkts - Merger Update: Danone / Huel - TradingView,https://news.google.com/rss/articles/CBMixAFBVV95cUxPYnBKdFNxNElMNnRDbHlLc0NpZGdTN1BCNGlNSzVTLTF2OGcxWXBhZkRKeWJUalF2YmdTWUlXTzlfSmdoc2dUSWdFb2hGc2lvdG1YVWF5LTJBR0dYNFRodERKOXAwS3R1cVFqM3Z0SVJzWnZGTXVKSUJnSzgtSGNxTFVKUXVGOVVhQ3A0cUkwTTR2WTA1T04xU3lhSnNoOGtOWk90bFFjS2YxRDNZUTVCSEhZQ241VlpPekFpWVNXV1R3aThD?oc=5,TradingView,2026-07-15T09:00:00+00:00,"<a href=""https://news.google.com/rss/articles/CBMixAFBVV95cUxPYnBKdFNxNElMNnRDbHlLc0NpZGdTN1BCNGlNSzVTLTF2OGcxWXBhZkRKeWJUalF2YmdTWUlXTzlfSmdoc2dUSWdFb2hGc2lvdG1YVWF5LTJBR0dYNFRodERKOXAwS3R1cVFqM3Z0SVJzWnZGTXVKSUJnSzgtSGNxTFVKUXVGOVVhQ3A0cUkwTTR2WTA1T04xU3lhSnNoOGtOWk90bFFjS2YxRDNZUTVCSEhZQ241VlpPekFpWVNXV1R3aThD?oc=5"" target=""_blank"">REG - Competition and Mkts - Merger Update: Danone / Huel</a>&nbsp;&nbsp;<font color=""#6f6f6f"">TradingView</font>","""Danone"" acquisition",,0.9,0.5,0.0,0.555,True
Danone to acquire Australian health food group MADE - The Cattle Site,https://news.google.com/rss/articles/CBMijwFBVV95cUxOWWpzbVdEV094Zk9WN2ZndkR1cUJKYXh5cVdoTzlSRmwwR2tHamxkeV92a2lDTlIyX002N3pJS21zWXBqdDExWFRLSHF1WlBxd3pwX0piN2hNZGZIQ1FUa2l1dWNsZ0ZuUks0bGVQRk44cGoxUEFkdHczMDVuRU92MmY2a2tUN3huSGhVQVRscw?oc=5,The Cattle Site,2026-07-09T08:54:00+00:00,"<a href=""https://news.google.com/rss/articles/CBMijwFBVV95cUxOWWpzbVdEV094Zk9WN2ZndkR1cUJKYXh5cVdoTzlSRmwwR2tHamxkeV92a2lDTlIyX002N3pJS21zWXBqdDExWFRLSHF1WlBxd3pwX0piN2hNZGZIQ1FUa2l1dWNsZ0ZuUks0bGVQRk44cGoxUEFkdHczMDVuRU92MmY2a2tUN3huSGhVQVRscw?oc=5"" target=""_blank"">Danone to acquire Australian health food group MADE</a>&nbsp;&nbsp;<font color=""#6f6f6f"">The Cattle Site</font>","""Danone"" acquisition",,0.9,0.5,0.0,0.555,True
PepsiCo Bottling Partner Buys Devyani Kenya Drinks Business - The Kenyan Wallstreet,https://news.google.com/rss/articles/CBMicEFVX3lxTE1vT3ljVWNWOEpDWW5fTld4dmR4SGIwemJPSTBwN0VXc3p2NndnQnA0TndkUFF3MExGV1lqV0tmYVF1UDVtVHB4bFpBdEp4dlh0Y2hkZlJUcDBEbjNvLVQ3VjFIMW4yR2N3WjhDcG9tZkM?oc=5,The Kenyan Wallstreet,2026-07-07T07:00:00+00:00,"<a href=""https://news.google.com/rss/articles/CBMicEFVX3lxTE1vT3ljVWNWOEpDWW5fTld4dmR4SGIwemJPSTBwN0VXc3p2NndnQnA0TndkUFF3MExGV1lqV0tmYVF1UDVtVHB4bFpBdEp4dlh0Y2hkZlJUcDBEbjNvLVQ3VjFIMW4yR2N3WjhDcG9tZkM?oc=5"" target=""_blank"">PepsiCo Bottling Partner Buys Devyani Kenya Drinks Business</a>&nbsp;&nbsp;<font color=""#6f6f6f"">The Kenyan Wallstreet</font>","""PepsiCo"" acquisition",,0.9,0.5,0.0,0.555,True
"Arbejdsmarkedets Tillaegspension Acquires Shares of 168,249 PepsiCo, Inc. $PEP - MarketBeat",https://news.google.com/rss/articles/CBMi0AFBVV95cUxOdjB3eXdKVE4zeG9pZHBHQ0stcDl6Q3l6YjBYRlQwMzUzOWhhM2NaamNmRFp6Y1FDV0hXSWt5cWhkd3VId3MyVG05U28xaTVsdTNScHdOeWlvMC16Z0FLa0tBWkgybnZzRnRrNnhtTEpRRkJ1NnJwY1lMVnRXOTVxa0RKRjItWndjUkpma0FoZ1Fad2ItUEtLR1h3cGQ2aTlSYjFIQ0VHT3pnTnVzWFhnZHA2aFZNTDlCV2tBYTVzOEpDQzVhMkE2VGN4TkhIVUNs?oc=5,MarketBeat,2026-07-13T07:48:14+00:00,"<a href=""https://news.google.com/rss/articles/CBMi0AFBVV95cUxOdjB3eXdKVE4zeG9pZHBHQ0stcDl6Q3l6YjBYRlQwMzUzOWhhM2NaamNmRFp6Y1FDV0hXSWt5cWhkd3VId3MyVG05U28xaTVsdTNScHdOeWlvMC16Z0FLa0tBWkgybnZzRnRrNnhtTEpRRkJ1NnJwY1lMVnRXOTVxa0RKRjItWndjUkpma0FoZ1Fad2ItUEtLR1h3cGQ2aTlSYjFIQ0VHT3pnTnVzWFhnZHA2aFZNTDlCV2tBYTVzOEpDQzVhMkE2VGN4TkhIVUNs?oc=5"" target=""_blank"">Arbejdsmarkedets Tillaegspension Acquires Shares of 168,249 PepsiCo, Inc. $PEP</a>&nbsp;&nbsp;<font color=""#6f6f6f"">MarketBeat</font>","""PepsiCo"" acquires",,0.9,0.5,0.0,0.555,True
Coca-Cola HBC’s CCBA acquisition cleared by South African competition regulator - FoodBev Media,https://news.google.com/rss/articles/CBMirAFBVV95cUxNazRFc2tINzhPVnN3ZmlOM3NDNFMzNmxNS2RsSmR6QVRUcVZaMlA2RldqZVpSa1lHVlJHUGFsbkNtS3NmWWxob2w5NW1DSlBKbWd4eENSNmdGRUxSU0JEY1NDNElvMzJrcE1vYnFZV3BZSG1RZlQtQmZHdXotV0VXeGUtRkdLOVVyaWtjckw3ZmNvQ093N1lfRmkzVWtveF9CNXdfSFFIQXlCYWZw?oc=5,FoodBev Media,2026-07-16T08:01:15+00:00,"<a href=""https://news.google.com/rss/articles/CBMirAFBVV95cUxNazRFc2tINzhPVnN3ZmlOM3NDNFMzNmxNS2RsSmR6QVRUcVZaMlA2RldqZVpSa1lHVlJHUGFsbkNtS3NmWWxob2w5NW1DSlBKbWd4eENSNmdGRUxSU0JEY1NDNElvMzJrcE1vYnFZV3BZSG1RZlQtQmZHdXotV0VXeGUtRkdLOVVyaWtjckw3ZmNvQ093N1lfRmkzVWtveF9CNXdfSFFIQXlCYWZw?oc=5"" target=""_blank"">Coca-Cola HBC’s CCBA acquisition cleared by South African competition regulator</a>&nbsp;&nbsp;<font color=""#6f6f6f"">FoodBev Media</font>","""Coca-Cola"" acquisition",,0.9,0.5,0.0,0.555,True
Danone’s $1.2 Billion Huel Deal Faces U.K. Competition Probe - WSJ,https://news.google.com/rss/articles/CBMiowFBVV95cUxPZzNTUnlaeGZ1VW05aFM3UXRfRG41N1JZeGVfWExscGYyaVoydlBJcTlGaFdCUGpXVTFKSUhYSk1UUmtUZm5DdVJPQVl1c1AyY3g5OF9WV3JzYnZwMjVFMXp2N0pHYno4RWtwaU1IUVlaQnplSzNrWjhNdXlIdzlQNHlET004ZkxvZmVkaTdPZ2M1bzE3NFJCUlN6SUhTSXI0TDFF?oc=5,WSJ,2026-07-15T09:51:00+00:00,"<a href=""https://news.google.com/rss/articles/CBMiowFBVV95cUxPZzNTUnlaeGZ1VW05aFM3UXRfRG41N1JZeGVfWExscGYyaVoydlBJcTlGaFdCUGpXVTFKSUhYSk1UUmtUZm5DdVJPQVl1c1AyY3g5OF9WV3JzYnZwMjVFMXp2N0pHYno4RWtwaU1IUVlaQnplSzNrWjhNdXlIdzlQNHlET004ZkxvZmVkaTdPZ2M1bzE3NFJCUlN6SUhTSXI0TDFF?oc=5"" target=""_blank"">Danone’s $1.2 Billion Huel Deal Faces U.K. Competition Probe</a>&nbsp;&nbsp;<font color=""#6f6f6f"">WSJ</font>","""Danone"" acquisition","['Dairy News Today', 'Sharecast.com']",0.5,0.5,0.7,0.55,True
ITC Hotels Q1 Net Profit Surges 36% to ₹182 crore Amid Jaypee Resort Management Talks - Sahi,https://news.google.com/rss/articles/CBMivwFBVV95cUxPc0UzS1BjZXdwYUJWZExXUWpXeUtJLVQzYndyeVBSQ3J5RnpXcmFMZ0ZXRFJMVldwYi1UQ214d25jcXI4b1EwM0ctN3VSeVZPS0xTUTBKWkE1R0VtQ3p6ZzVWWDhYbXdzT3hDMTQ5UnlDcExFbVBJeUFQemE1OURwTWtIN1J1SXV3cFo3MUJLM21Jd185ZXlIQkJIUXNjVWNrYlFXZ3lGYnBpSERjdFZWc3g5UTF4SDVFVGRqLUtrUQ?oc=5,Sahi,2026-07-16T12:04:40+00:00,"<a href=""https://news.google.com/rss/articles/CBMivwFBVV95cUxPc0UzS1BjZXdwYUJWZExXUWpXeUtJLVQzYndyeVBSQ3J5RnpXcmFMZ0ZXRFJMVldwYi1UQ214d25jcXI4b1EwM0ctN3VSeVZPS0xTUTBKWkE1R0VtQ3p6ZzVWWDhYbXdzT3hDMTQ5UnlDcExFbVBJeUFQemE1OURwTWtIN1J1SXV3cFo3MUJLM21Jd185ZXlIQkJIUXNjVWNrYlFXZ3lGYnBpSERjdFZWc3g5UTF4SDVFVGRqLUtrUQ?oc=5"" target=""_blank"">ITC Hotels Q1 Net Profit Surges 36% to ₹182 crore Amid Jaypee Resort Management Talks</a>&nbsp;&nbsp;<font color=""#6f6f6f"">Sahi</font>","""ITC"" acquisition",['The Economic Times'],0.5,0.5,0.55,0.512,False
ITC Hotels Q1 Results: Shares fall 5% as sequential dip overshadows healthy YoY growth - CNBC TV18,https://news.google.com/rss/articles/CBMizAFBVV95cUxNQU1aODJLVGVuSVVRUmdFNW90VzgwSklnSnEtb3AzdkFadVRYN2k5OEt2Zk5US0pnTkJqRlhPbE9JTktJUlZoZUM5WHlKdFNyMjVReEh2bVNES0JKNno4S1BFRzItQ21rZVplWWlDSmdMVGk0QTE1RTJneUEtcTNqZ1YtOG9VdUFpNW40Q0MxMnBGWXlqVkRFZFN5VnA0cDZQbzMzLXlFSHRxNmxleWdJaC1HS1FkY3JFMDNZNVNUZkxXc0hLYUZqYUh4Q2nSAdIBQVVfeXFMT1dMX3k2ejVJZVBodk5VYUV0di05blJIcGxrREp3aEc4RmduckU0TzBHRXN3OC1MalpyenBuQkhWeWhteDY1VTM0dEljVERTV2JJeTFzcUJ1eHNRdl9XWTVROWk0RkR4bW5xQ0ZhbWRUc1dDeTJlNWY2TzZWSktXTTFHN1AyQW5Xa0drWE5UWEZEMndpcWdKWnBIY2V4eW16Y1JKU0h6OG9ZY0x0cTF4eTA1cFh3TDAxTlhVWl9jSVZYSC1nRlAwOUZVb0RwRWJHd3pR?oc=5,CNBC TV18,2026-07-16T09:39:11+00:00,"<a href=""https://news.google.com/rss/articles/CBMizAFBVV95cUxNQU1aODJLVGVuSVVRUmdFNW90VzgwSklnSnEtb3AzdkFadVRYN2k5OEt2Zk5US0pnTkJqRlhPbE9JTktJUlZoZUM5WHlKdFNyMjVReEh2bVNES0JKNno4S1BFRzItQ21rZVplWWlDSmdMVGk0QTE1RTJneUEtcTNqZ1YtOG9VdUFpNW40Q0MxMnBGWXlqVkRFZFN5VnA0cDZQbzMzLXlFSHRxNmxleWdJaC1HS1FkY3JFMDNZNVNUZkxXc0hLYUZqYUh4Q2nSAdIBQVVfeXFMT1dMX3k2ejVJZVBodk5VYUV0di05blJIcGxrREp3aEc4RmduckU0TzBHRXN3OC1MalpyenBuQkhWeWhteDY1VTM0dEljVERTV2JJeTFzcUJ1eHNRdl9XWTVROWk0RkR4bW5xQ0ZhbWRUc1dDeTJlNWY2TzZWSktXTTFHN1AyQW5Xa0drWE5UWEZEMndpcWdKWnBIY2V4eW16Y1JKU0h6OG9ZY0x0cTF4eTA1cFh3TDAxTlhVWl9jSVZYSC1nRlAwOUZVb0RwRWJHd3pR?oc=5"" target=""_blank"">ITC Hotels Q1 Results: Shares fall 5% as sequential dip overshadows healthy YoY growth</a>&nbsp;&nbsp;<font color=""#6f6f6f"">CNBC TV18</font>","""ITC"" acquisition",['Moneycontrol.com'],0.5,0.5,0.55,0.512,False
"Marico's Beardo, Plix deliver profitability, digital portfolio exits FY26 at Rs 1,100 crore ARR - Storyboard18",https://news.google.com/rss/articles/CBMirwFBVV95cUxQSW8wMWZ5X28xZzVvanBlNGZMM1N4b0tDWnV2UlZYejF4ODhwX2JuSUFGdU5MRjhUeGU1TWdsTjEyX1pIU0w2MUhrX25yNjFuYTFaMjhjd1NUVWphM1pRWTR3ellXYzdvanVaR2V1eGtnMGVyMFQwQ1ZPTC1zTjJtd0lDNGl3OWxSd3hjQW9JalJkbHdxaUhyNlpnS1BjcGdTdlBtR1A0cjNjSVdzeE5F0gG0AUFVX3lxTE9HMUlRdmExT1pUWU11b3dCNTcyUG5TeS1JTThIVnJwYXZCaTllTm5iUjJ0anlUSzhseWFUeXdiVG83aGs4RTl3X2hvVHhxSFhfOTRxaGdpWC1FcjhXbkU2amNfN2FvemZGWUxTRXZmNUhYcUtPQkJ4NkE4bGFJemFIMW5YSjJrUDZqTHhoSW1LRkFnTzVrRHo1NEVjQzBJNVE5NS1wTldrLUZYM0JuWS1Cb2d0Tw?oc=5,Storyboard18,2026-07-10T06:47:15+00:00,"<a href=""https://news.google.com/rss/articles/CBMirwFBVV95cUxQSW8wMWZ5X28xZzVvanBlNGZMM1N4b0tDWnV2UlZYejF4ODhwX2JuSUFGdU5MRjhUeGU1TWdsTjEyX1pIU0w2MUhrX25yNjFuYTFaMjhjd1NUVWphM1pRWTR3ellXYzdvanVaR2V1eGtnMGVyMFQwQ1ZPTC1zTjJtd0lDNGl3OWxSd3hjQW9JalJkbHdxaUhyNlpnS1BjcGdTdlBtR1A0cjNjSVdzeE5F0gG0AUFVX3lxTE9HMUlRdmExT1pUWU11b3dCNTcyUG5TeS1JTThIVnJwYXZCaTllTm5iUjJ0anlUSzhseWFUeXdiVG83aGs4RTl3X2hvVHhxSFhfOTRxaGdpWC1FcjhXbkU2amNfN2FvemZGWUxTRXZmNUhYcUtPQkJ4NkE4bGFJemFIMW5YSjJrUDZqTHhoSW1LRkFnTzVrRHo1NEVjQzBJNVE5NS1wTldrLUZYM0JuWS1Cb2d0Tw?oc=5"" target=""_blank"">Marico's Beardo, Plix deliver profitability, digital portfolio exits FY26 at Rs 1,100 crore ARR</a>&nbsp;&nbsp;<font color=""#6f6f6f"">Storyboard18</font>","""Marico"" acquisition",,0.5,0.5,0.4,0.475,False
"Nwam LLC Purchases 40,447 Shares of Procter & Gamble Company (The) $PG - MarketBeat",https://news.google.com/rss/articles/CBMiwwFBVV95cUxQenUteFYyNDdVdUxLRlJDT2xyenBKN1FKZG41dUJRanNOWC1BTnd2U2FzOTlVT1g4aUtjR1hZekhZMFp3cnhpaEUweUZlQzV5elhRQTdINW1ycWpNS2NUNEh1RTByQ1pDSWx4XzVVRDNEWnEwMlFJQ2tIQ0FxQjlWRDh3cG5feGZSZ05rekc2Z1QtcmhJY1YwdGpDaVRzYURWbnhNbU5ZTEhNU3FmWmNZdzBqNU9pbmh1OTJBdXlEbmdRNkU?oc=5,MarketBeat,2026-07-15T09:51:30+00:00,"<a href=""https://news.google.com/rss/articles/CBMiwwFBVV95cUxQenUteFYyNDdVdUxLRlJDT2xyenBKN1FKZG41dUJRanNOWC1BTnd2U2FzOTlVT1g4aUtjR1hZekhZMFp3cnhpaEUweUZlQzV5elhRQTdINW1ycWpNS2NUNEh1RTByQ1pDSWx4XzVVRDNEWnEwMlFJQ2tIQ0FxQjlWRDh3cG5feGZSZ05rekc2Z1QtcmhJY1YwdGpDaVRzYURWbnhNbU5ZTEhNU3FmWmNZdzBqNU9pbmh1OTJBdXlEbmdRNkU?oc=5"" target=""_blank"">Nwam LLC Purchases 40,447 Shares of Procter & Gamble Company (The) $PG</a>&nbsp;&nbsp;<font color=""#6f6f6f"">MarketBeat</font>","""Procter & Gamble"" acquires","['MarketBeat', 'MarketBeat', 'MarketBeat', 'MarketBeat', 'MarketBeat', 'MarketBeat', 'MarketBeat', 'MarketBeat', 'MarketBeat', 'MarketBeat']",0.5,0.5,0.3,0.45,False
"Kraft Heinz | History, Products, & Facts - Encyclopedia Britannica",https://news.google.com/rss/articles/CBMiV0FVX3lxTFBDOERWOVNReFMzeG14NGNMb0hVcGd6Rnl1eDNDUmdwOUk5UDBUeTUyaE5tem5IT25JSW10WC02WVE1TWFKVnlENmd0Ujltc2J2TVJqQUVtYw?oc=5,Encyclopedia Britannica,2026-07-12T07:00:00+00:00,"<a href=""https://news.google.com/rss/articles/CBMiV0FVX3lxTFBDOERWOVNReFMzeG14NGNMb0hVcGd6Rnl1eDNDUmdwOUk5UDBUeTUyaE5tem5IT25JSW10WC02WVE1TWFKVnlENmd0Ujltc2J2TVJqQUVtYw?oc=5"" target=""_blank"">Kraft Heinz | History, Products, & Facts</a>&nbsp;&nbsp;<font color=""#6f6f6f"">Encyclopedia Britannica</font>","""Kraft Heinz"" acquisition","['Encyclopedia Britannica', 'Encyclopedia Britannica']",0.5,0.5,0.3,0.45,False
Life Water broadens consumer portfolio through targeted acquisition of 90% stake in Hung Tai Group - Focus Malaysia,https://news.google.com/rss/articles/CBMiwAFBVV95cUxNZGVxdG1ZaGlzVHZQQjR5bExaQ3NuWUUzTUEzTW8tcGxoOWhiYW8xTHE1LUFneGdLemFUSjRBcnljSHMyZi1FWlN5Tm9aYkhhSG9aZDlsbU1CN0dlY3lpYUpoeWZvYldHLVpnVlB1MEExQ1lHdHI5WXZJa015al9sZHZ1SEZpSjBIOU1TMUQyaWRleGI0ZVNuYk45UDZXVW1LbF9VQUlyRlhJMkxCZHpUNmc2RW9iS1pJNnFmR0tUS28?oc=5,Focus Malaysia,2026-07-15T13:34:57+00:00,"<a href=""https://news.google.com/rss/articles/CBMiwAFBVV95cUxNZGVxdG1ZaGlzVHZQQjR5bExaQ3NuWUUzTUEzTW8tcGxoOWhiYW8xTHE1LUFneGdLemFUSjRBcnljSHMyZi1FWlN5Tm9aYkhhSG9aZDlsbU1CN0dlY3lpYUpoeWZvYldHLVpnVlB1MEExQ1lHdHI5WXZJa015al9sZHZ1SEZpSjBIOU1TMUQyaWRleGI0ZVNuYk45UDZXVW1LbF9VQUlyRlhJMkxCZHpUNmc2RW9iS1pJNnFmR0tUS28?oc=5"" target=""_blank"">Life Water broadens consumer portfolio through targeted acquisition of 90% stake in Hung Tai Group</a>&nbsp;&nbsp;<font color=""#6f6f6f"">Focus Malaysia</font>",consumer goods acquisition OR merger OR funding,,0.4,0.5,0.4,0.43,False
Naturis Cosmetics raises Rs 100 crore in first institutional funding round led by Sharrp Ventures - ET Retail,https://news.google.com/rss/articles/CBMipgJBVV95cUxPbWhzMnU0aUFjaERfdm0wVmhxMFpOeC1Xc3hYaEJZQW9IR1RQdW43eUNMbGxJTjFrYWVEMFJtcEE2YW5acmpSWDFNa2JkbHVJTkg5N0hXdzVKZnp0RFNUT3dOYjl2WHBFckpzY0FDQzA2Nk9tMDlORkJjanV2M1ZWQ1EwYk9Nb0JWTTJBaGxpSzhQNzVsc3VLUTlPbUNsNHhYYUtucWZDeE1SY0I1UVJ2VjZIdmVQdnhXUFdJaFV6LTRTYlpaV3ZkUDRic2NCcFBRSXMwSU9UV3NDYVF5UzY5bTRvbkNkVVprZzJ5Qkp2MmtjUFFiWUpaVGdfRDdsZWhoV0dzRTM4RG9EaGRJZFNJQnFYdEdISHgtWHlBVVdPaEYyQVJhMVE?oc=5,ET Retail,2026-07-16T08:11:13+00:00,"<a href=""https://news.google.com/rss/articles/CBMipgJBVV95cUxPbWhzMnU0aUFjaERfdm0wVmhxMFpOeC1Xc3hYaEJZQW9IR1RQdW43eUNMbGxJTjFrYWVEMFJtcEE2YW5acmpSWDFNa2JkbHVJTkg5N0hXdzVKZnp0RFNUT3dOYjl2WHBFckpzY0FDQzA2Nk9tMDlORkJjanV2M1ZWQ1EwYk9Nb0JWTTJBaGxpSzhQNzVsc3VLUTlPbUNsNHhYYUtucWZDeE1SY0I1UVJ2VjZIdmVQdnhXUFdJaFV6LTRTYlpaV3ZkUDRic2NCcFBRSXMwSU9UV3NDYVF5UzY5bTRvbkNkVVprZzJ5Qkp2MmtjUFFiWUpaVGdfRDdsZWhoV0dzRTM4RG9EaGRJZFNJQnFYdEdISHgtWHlBVVdPaEYyQVJhMVE?oc=5"" target=""_blank"">Naturis Cosmetics raises Rs 100 crore in first institutional funding round led by Sharrp Ventures</a>&nbsp;&nbsp;<font color=""#6f6f6f"">ET Retail</font>",personal care acquisition OR merger OR funding,,0.4,0.5,0.4,0.43,False
Bonk News: Safety Shot Targets $115 Million Bonk Acquisition by Year-End - CoinMarketCap,https://news.google.com/rss/articles/CBMiugFBVV95cUxPQmVUQWtqejdOZ3VZSWdDUWpTT3o4c1pyN0VCVk41QVNDc0tfZkRXOXdrWXpGbjNuME9KWmN1TlpsaW44Vk9CRV9PSW5KcWpjU0swQjc3M2tSSlNlVVladUQydTdTV0F1X1lZY3c4Ri1weDM2OEQtSVhHTzU1cmhwWDBKWmV5ckQ4VjlmcG13cGtIeFVHXzFiNlVaVXZoNTFSUTQ4ZFNYMVozcEpnMy1ER1hrdHM1RHpZMVE?oc=5,CoinMarketCap,2026-07-14T00:14:15+00:00,"<a href=""https://news.google.com/rss/articles/CBMiugFBVV95cUxPQmVUQWtqejdOZ3VZSWdDUWpTT3o4c1pyN0VCVk41QVNDc0tfZkRXOXdrWXpGbjNuME9KWmN1TlpsaW44Vk9CRV9PSW5KcWpjU0swQjc3M2tSSlNlVVladUQydTdTV0F1X1lZY3c4Ri1weDM2OEQtSVhHTzU1cmhwWDBKWmV5ckQ4VjlmcG13cGtIeFVHXzFiNlVaVXZoNTFSUTQ4ZFNYMVozcEpnMy1ER1hrdHM1RHpZMVE?oc=5"" target=""_blank"">Bonk News: Safety Shot Targets $115 Million Bonk Acquisition by Year-End</a>&nbsp;&nbsp;<font color=""#6f6f6f"">CoinMarketCap</font>",beverage company acquisition OR merger OR funding,,0.4,0.5,0.4,0.43,False
"Farmley Eyes $50-75M Funding Round, Taps KPMG - Lapaas Voice",https://news.google.com/rss/articles/CBMikAFBVV95cUxQWXdkazRycU1lSklMRWFSMTdlanBMRXlZNlhOdlFiaFl0cEk3R0o5cXF2TWtkalpKTDlHSDljaEhfUXlrUzYxZWhxcTE5QmF1N1h6TnFYRi1ZNW9zdGlfMk9KMU5ZLW0teWE5YWJDVGdQZUU0QmJjaVJOOXVZRkhVcTN6M040dkRQd1c1YkZKZk4?oc=5,Lapaas Voice,2026-07-10T05:50:12+00:00,"<a href=""https://news.google.com/rss/articles/CBMikAFBVV95cUxQWXdkazRycU1lSklMRWFSMTdlanBMRXlZNlhOdlFiaFl0cEk3R0o5cXF2TWtkalpKTDlHSDljaEhfUXlrUzYxZWhxcTE5QmF1N1h6TnFYRi1ZNW9zdGlfMk9KMU5ZLW0teWE5YWJDVGdQZUU0QmJjaVJOOXVZRkhVcTN6M040dkRQd1c1YkZKZk4?oc=5"" target=""_blank"">Farmley Eyes $50-75M Funding Round, Taps KPMG</a>&nbsp;&nbsp;<font color=""#6f6f6f"">Lapaas Voice</font>",snack brand acquisition OR merger OR funding,,0.4,0.5,0.4,0.43,False
Church & Dwight (NYSE: CHD) Edges Out Kimberly-Clark (NYSE: KMB) As The Stronger Consumer Goods Pick For 2026 - foreignpolicyjournal.com,https://news.google.com/rss/articles/CBMi5AFBVV95cUxQZmVZS0Y0Z3FEZmJ4YzBUWmdoaGtvQzlQejItUkh3TWw4bjdiaG9yZ29ydWR5MzZzTzFLLS1yZWd5Nzk3X2txdmpWMXRZbk1EWW55LTViVnpncDFJNnNheldlalZ3WFpBaHI4ZXA3VmlKdzhscXJZV01XcXpZcmxfcU1tcGo1bTZxb1hDTkhweVd1a3lXb2hIMlh3dEttU0dRUlIxWXdiUDJvMnYweXlhck0yQkZSbGJjWjliaGk3SHc2NXNzZkliaHJ2NktmUHRkYU16WS1weERMTHJRNDZBQ2F3Tk0?oc=5,foreignpolicyjournal.com,2026-07-14T02:33:00+00:00,"<a href=""https://news.google.com/rss/articles/CBMi5AFBVV95cUxQZmVZS0Y0Z3FEZmJ4YzBUWmdoaGtvQzlQejItUkh3TWw4bjdiaG9yZ29ydWR5MzZzTzFLLS1yZWd5Nzk3X2txdmpWMXRZbk1EWW55LTViVnpncDFJNnNheldlalZ3WFpBaHI4ZXA3VmlKdzhscXJZV01XcXpZcmxfcU1tcGo1bTZxb1hDTkhweVd1a3lXb2hIMlh3dEttU0dRUlIxWXdiUDJvMnYweXlhck0yQkZSbGJjWjliaGk3SHc2NXNzZkliaHJ2NktmUHRkYU16WS1weERMTHJRNDZBQ2F3Tk0?oc=5"" target=""_blank"">Church & Dwight (NYSE: CHD) Edges Out Kimberly-Clark (NYSE: KMB) As The Stronger Consumer Goods Pick For 2026</a>&nbsp;&nbsp;<font color=""#6f6f6f"">foreignpolicyjournal.com</font>","""Kimberly-Clark"" acquisition",,0.6,0.5,0.0,0.42,False
"In tough Q1, ITC Hotels sees profit, revenue zoom - The Times of India",https://news.google.com/rss/articles/CBMizgFBVV95cUxQT283OFl0Vi1SWlRyVlhTVUFIWGV3eEJNbHFTN0QtRDhzR1ctOW5kNmJERG1wRmdlRUdWUWZ2MVRjbzdjWndYRVJiMmZRV3RZMV9vUWNkMWhaR09ibDlCNE0yczF6MnVtajFoWHZTQUxfWVk1eXA5T1luYVAtMUwzbEMxaEdRUm03akhlcmNkZGM0MklYTEgzMHIwOHNmUUE4d0djNUZNVXp6Q2tSMWF5TFE0U0pHMmx4eEt1bWJNWGV6cjlOYzJSMGhuV2RCd9IB0wFBVV95cUxOYWpXV19uaXNmeHA3Sk5nOXdHTS1fYjhCLVNxbkhoMGpfcTliOF9UaDQ1RFp5S2NzOTNmNFkzbFRDdE9KbFhxV3o4N2E4em1XdFhFTEJOaDhMeXRTV2xpa01uRGhOTWhtLUFoQ2JnSkNIYUFiS3dLTlBNbDB1cG8wUW1RbEk4YUFzNE15OEItbUhJQjNPMmVMa0doMWI2TThldU5QYjFKdk9BSlB6bzdfSmxHdF9Zd295OVFuSXd0dElPSlA0bHQ0d240a1A4N3BhZmE4?oc=5,The Times of India,2026-07-16T14:56:00+00:00,"<a href=""https://news.google.com/rss/articles/CBMizgFBVV95cUxQT283OFl0Vi1SWlRyVlhTVUFIWGV3eEJNbHFTN0QtRDhzR1ctOW5kNmJERG1wRmdlRUdWUWZ2MVRjbzdjWndYRVJiMmZRV3RZMV9vUWNkMWhaR09ibDlCNE0yczF6MnVtajFoWHZTQUxfWVk1eXA5T1luYVAtMUwzbEMxaEdRUm03akhlcmNkZGM0MklYTEgzMHIwOHNmUUE4d0djNUZNVXp6Q2tSMWF5TFE0U0pHMmx4eEt1bWJNWGV6cjlOYzJSMGhuV2RCd9IB0wFBVV95cUxOYWpXV19uaXNmeHA3Sk5nOXdHTS1fYjhCLVNxbkhoMGpfcTliOF9UaDQ1RFp5S2NzOTNmNFkzbFRDdE9KbFhxV3o4N2E4em1XdFhFTEJOaDhMeXRTV2xpa01uRGhOTWhtLUFoQ2JnSkNIYUFiS3dLTlBNbDB1cG8wUW1RbEk4YUFzNE15OEItbUhJQjNPMmVMa0doMWI2TThldU5QYjFKdk9BSlB6bzdfSmxHdF9Zd295OVFuSXd0dElPSlA0bHQ0d240a1A4N3BhZmE4?oc=5"" target=""_blank"">In tough Q1, ITC Hotels sees profit, revenue zoom</a>&nbsp;&nbsp;<font color=""#6f6f6f"">The Times of India</font>","""ITC"" acquisition",['The Times of India'],0.5,0.5,0.15,0.412,False
Ben & Jerry’s Foundation may shut down in dispute with Unilever - NewsNation,https://news.google.com/rss/articles/CBMihwFBVV95cUxPMTZJQUwyN1Q3S3pTSl9lX3Z4MDRQOVNjdzZYNmlva04tT1ktV2VseGtDVzhWRzBvQ2p3akVwVWxDQnBnLVRZZXowX0tlSGo2VnJBLUVHTjMtcjZaMDVJWEQ3a1piVFkwUnB3Q0g1N1JTZUVhUUVwcXI4UTBBa3B1a2o5YmYxVjTSAYwBQVVfeXFMTTUyRFBMcHY5cnBkTHo2MWVxQXl1V0s5SDdWczVsXzFya01henpWMzRjNDVraUhGcVcyVzdwaWpnZWlnZmlXU0YyR3dTQlhfdVZLei11c3YwR3EwVXpQeHlidWZlTXRyZXYweXNhbVU5ZzJCUnVwRVZScVU5RjFQWkJtSUh4ajU5ZVdqZnM?oc=5,NewsNation,2026-07-15T15:57:53+00:00,"<a href=""https://news.google.com/rss/articles/CBMihwFBVV95cUxPMTZJQUwyN1Q3S3pTSl9lX3Z4MDRQOVNjdzZYNmlva04tT1ktV2VseGtDVzhWRzBvQ2p3akVwVWxDQnBnLVRZZXowX0tlSGo2VnJBLUVHTjMtcjZaMDVJWEQ3a1piVFkwUnB3Q0g1N1JTZUVhUUVwcXI4UTBBa3B1a2o5YmYxVjTSAYwBQVVfeXFMTTUyRFBMcHY5cnBkTHo2MWVxQXl1V0s5SDdWczVsXzFya01henpWMzRjNDVraUhGcVcyVzdwaWpnZWlnZmlXU0YyR3dTQlhfdVZLei11c3YwR3EwVXpQeHlidWZlTXRyZXYweXNhbVU5ZzJCUnVwRVZScVU5RjFQWkJtSUh4ajU5ZVdqZnM?oc=5"" target=""_blank"">Ben & Jerry’s Foundation may shut down in dispute with Unilever</a>&nbsp;&nbsp;<font color=""#6f6f6f"">NewsNation</font>","""Unilever"" acquisition",,0.5,0.5,0.0,0.375,False
Danone-Huel deal under formal antitrust review in UK - MLex,https://news.google.com/rss/articles/CBMipwFBVV95cUxQdC1zQ2VSSHdfZlU4SEU3eUtvT3RGdEkxSVdIQk9SdVNoTk1sS0RURUluT19VZGgwamY1MXhJbkNZRW5VemJEeE82cFItWkRtWFRQRUFWdktYU3JVME1QcVcyV283UnVTUkhQZzZ5NERtcV8wUzVGV3FUQTB1WDNqME40THF2NUZwUFhHb3dyalV5X2dZR0NJNFRyTVlINWQyWVhOeXNpZ9IBWkFVX3lxTE9KVnNrenljVnVKOVdTS09hZ3Rfdm1qMXUydUZSR3hGM2dSWndza3hpbWw3QW1kUlpWcjdfUGlMOGtlTUUxY2FxU3B3YzdOaGFjcjRSbjJ3WEVkQQ?oc=5,MLex,2026-07-15T09:15:00+00:00,"<a href=""https://news.google.com/rss/articles/CBMipwFBVV95cUxQdC1zQ2VSSHdfZlU4SEU3eUtvT3RGdEkxSVdIQk9SdVNoTk1sS0RURUluT19VZGgwamY1MXhJbkNZRW5VemJEeE82cFItWkRtWFRQRUFWdktYU3JVME1QcVcyV283UnVTUkhQZzZ5NERtcV8wUzVGV3FUQTB1WDNqME40THF2NUZwUFhHb3dyalV5X2dZR0NJNFRyTVlINWQyWVhOeXNpZ9IBWkFVX3lxTE9KVnNrenljVnVKOVdTS09hZ3Rfdm1qMXUydUZSR3hGM2dSWndza3hpbWw3QW1kUlpWcjdfUGlMOGtlTUUxY2FxU3B3YzdOaGFjcjRSbjJ3WEVkQQ?oc=5"" target=""_blank"">Danone-Huel deal under formal antitrust review in UK</a>&nbsp;&nbsp;<font color=""#6f6f6f"">MLex</font>","""Danone"" acquisition",,0.5,0.5,0.0,0.375,False
CMA To Investigate Proposed Danone-Huel Deal - ESM Magazine,https://news.google.com/rss/articles/CBMimgFBVV95cUxOb1c2ajNqVUJhZzhWODRiRjJBRjM3Qk1PRUJZOExhM0l3azgyX2Q5ZnQ4eFJ2VVRod1BDb3dKQnFzWGt0WkJrb3RsV0t2Rjg1RDM0NDg3eFdRTkl0SkVYOGoweVpYMklmM241VWF4OF9aTnZTSk96eS1vSGtOX3czdWZJZWxwOG9rb2lpN3ZxOWI3TGpSTFVXeUxn?oc=5,ESM Magazine,2026-07-15T13:40:40+00:00,"<a href=""https://news.google.com/rss/articles/CBMimgFBVV95cUxOb1c2ajNqVUJhZzhWODRiRjJBRjM3Qk1PRUJZOExhM0l3azgyX2Q5ZnQ4eFJ2VVRod1BDb3dKQnFzWGt0WkJrb3RsV0t2Rjg1RDM0NDg3eFdRTkl0SkVYOGoweVpYMklmM241VWF4OF9aTnZTSk96eS1vSGtOX3czdWZJZWxwOG9rb2lpN3ZxOWI3TGpSTFVXeUxn?oc=5"" target=""_blank"">CMA To Investigate Proposed Danone-Huel Deal</a>&nbsp;&nbsp;<font color=""#6f6f6f"">ESM Magazine</font>","""Danone"" acquisition",,0.5,0.5,0.0,0.375,False
Mondelez tipped to make play for Arnott’s as KKR weighs exit - The Australian,https://news.google.com/rss/articles/CBMi9gFBVV95cUxNdTMtWTkyWEJpMVltRjJQMm4yR2ozSGIya3dnU19TTlhpOEZlUndzTU95ZVpyQWY0YWc4Qjk4a1JLVTlOLXRiY1pmN2VaNEV5NDlmQWhCVEIyQkV2YUNQbDRKYkFDVTE5TGpqSFJHalBvVVY4OHdfZzBISXdSZ1p5ZVFHdF9QVThrdGttM0U2SjFSQVFqTVlEUzkyb0hZbnl0YlEyek9ZQURfOGp3QkNXR3lOYmc1S3FMQVFHc2E3aFJPZHJjajBvamw1c1NCaVFnc29tb3lPejV1NmZpS3V5RFNONEFYVm00V2tRLUFBTmoxMnZCR3fSAfsBQVVfeXFMTlA1bGFyZUR5YnVyLXpwOHF5WnQtWGF1N1huaGg4Wk03MThCY2JmT1pZVFF4RzhrVGFJRTJzVzVDT2R5ZzZGdWpibXJiczJwUzFyRjVHNXRiX2hxZnlfVjJmcUhZdXZELWNnSXJpZUJnNnJTWk5KbDFwckgyQlFLM0lIOEIyY3h4dng1X004MjVNcDdfci1pWGw3QjNXRkZyNUtBN0s4ZEtfdTFYVG1NLXhYelNtcktNT0h3cmM3S1NTY0lvNzVuZ0ItdERMVm9fYTJDOFhvbDFwTElYUC1zRlhESmk5ZWZqeUxLOWpIUTFob0FwQWJhUWp4QTg?oc=5,The Australian,2026-07-13T06:16:00+00:00,"<a href=""https://news.google.com/rss/articles/CBMi9gFBVV95cUxNdTMtWTkyWEJpMVltRjJQMm4yR2ozSGIya3dnU19TTlhpOEZlUndzTU95ZVpyQWY0YWc4Qjk4a1JLVTlOLXRiY1pmN2VaNEV5NDlmQWhCVEIyQkV2YUNQbDRKYkFDVTE5TGpqSFJHalBvVVY4OHdfZzBISXdSZ1p5ZVFHdF9QVThrdGttM0U2SjFSQVFqTVlEUzkyb0hZbnl0YlEyek9ZQURfOGp3QkNXR3lOYmc1S3FMQVFHc2E3aFJPZHJjajBvamw1c1NCaVFnc29tb3lPejV1NmZpS3V5RFNONEFYVm00V2tRLUFBTmoxMnZCR3fSAfsBQVVfeXFMTlA1bGFyZUR5YnVyLXpwOHF5WnQtWGF1N1huaGg4Wk03MThCY2JmT1pZVFF4RzhrVGFJRTJzVzVDT2R5ZzZGdWpibXJiczJwUzFyRjVHNXRiX2hxZnlfVjJmcUhZdXZELWNnSXJpZUJnNnJTWk5KbDFwckgyQlFLM0lIOEIyY3h4dng1X004MjVNcDdfci1pWGw3QjNXRkZyNUtBN0s4ZEtfdTFYVG1NLXhYelNtcktNT0h3cmM3S1NTY0lvNzVuZ0ItdERMVm9fYTJDOFhvbDFwTElYUC1zRlhESmk5ZWZqeUxLOWpIUTFob0FwQWJhUWp4QTg?oc=5"" target=""_blank"">Mondelez tipped to make play for Arnott’s as KKR weighs exit</a>&nbsp;&nbsp;<font color=""#6f6f6f"">The Australian</font>","""Mondelez"" acquires",,0.5,0.5,0.0,0.375,False
"Watchdog clears Coca-Cola deal in SA, wants assurances on JSE listing and jobs - News24",https://news.google.com/rss/articles/CBMizgFBVV95cUxQaXlSNHdSR2ZMSlQtckN0d0V3c3V0aU1jc1lRdHFMUjAzc1NFUFNqbmlOV2dnbkJuZFpucmdEa1B6WjBudi0xTzBTdlg5WjZYcDBpbEtkN3hJbExaNWpmTlFab3ZTMnp4UGtteUtiYU8wZUNxRlprUlNieTctNk4zZDhJVjl6b3FTZXMyYlVnOEl3TUhqOUZRbVVuLUZNazZsaHFKQy1OQnpaOFZxWERENlBMYXBxWFdveHN0RzR3UmlfdEU0cS14aHlDcTY5QQ?oc=5,News24,2026-07-13T17:31:53+00:00,"<a href=""https://news.google.com/rss/articles/CBMizgFBVV95cUxQaXlSNHdSR2ZMSlQtckN0d0V3c3V0aU1jc1lRdHFMUjAzc1NFUFNqbmlOV2dnbkJuZFpucmdEa1B6WjBudi0xTzBTdlg5WjZYcDBpbEtkN3hJbExaNWpmTlFab3ZTMnp4UGtteUtiYU8wZUNxRlprUlNieTctNk4zZDhJVjl6b3FTZXMyYlVnOEl3TUhqOUZRbVVuLUZNazZsaHFKQy1OQnpaOFZxWERENlBMYXBxWFdveHN0RzR3UmlfdEU0cS14aHlDcTY5QQ?oc=5"" target=""_blank"">Watchdog clears Coca-Cola deal in SA, wants assurances on JSE listing and jobs</a>&nbsp;&nbsp;<font color=""#6f6f6f"">News24</font>","""Coca-Cola"" acquisition",,0.5,0.5,0.0,0.375,False
"ITC Hotels Posts Q1 Gains, Advances Expansion Strategy - safariindia.com",https://news.google.com/rss/articles/CBMieEFVX3lxTE9Va2tpOXVFVUlralZYM19MdjJoVVVkU3RUcmlfY1hXLThQRlJiclluY2wtRTJqQzVlYjNNNnhzeXhlVDhvdUk0X2tsVjlFOTdxQ21FRHRaZzNiM1NvTFBLTjRmMm1hNUxHQmtTYVVyMFdNaVFSWVEtNg?oc=5,safariindia.com,2026-07-16T15:53:58+00:00,"<a href=""https://news.google.com/rss/articles/CBMieEFVX3lxTE9Va2tpOXVFVUlralZYM19MdjJoVVVkU3RUcmlfY1hXLThQRlJiclluY2wtRTJqQzVlYjNNNnhzeXhlVDhvdUk0X2tsVjlFOTdxQ21FRHRaZzNiM1NvTFBLTjRmMm1hNUxHQmtTYVVyMFdNaVFSWVEtNg?oc=5"" target=""_blank"">ITC Hotels Posts Q1 Gains, Advances Expansion Strategy</a>&nbsp;&nbsp;<font color=""#6f6f6f"">safariindia.com</font>","""ITC"" acquisition",,0.5,0.5,0.0,0.375,False
Kimberly-Clark tops indexes as Kenvue deal nears - MSN,https://news.google.com/rss/articles/CBMi5AFBVV95cUxQSXBJdlduaHk0SnI0NlZ4Y0d6M0R0aV82cEVtWENmUEVDNkVwSVM0aXFDdHFTYktEek10WjVkenpsa25RNkNNeDExQlhlbkJpamlQQWdaSHhtX21KdUpEYnVhWGNuVXZZd3dheHM2WThhR3g1ZDdjdXlpNDZ4YmZPRC1nQk5aTkI2MnFPZ3JYR3F2bjdYM2FxbHdMRm00OUR5NUc5Y0ZFUGtmSkRsNElza1JkTFpWZG5LSDBjU0lqWFRvcFZibXliSWJsWm1fVkNQeUhSNGpwUldYNU9ZelZUMG1fQXU?oc=5,MSN,2026-07-08T13:21:14+00:00,"<a href=""https://news.google.com/rss/articles/CBMi5AFBVV95cUxQSXBJdlduaHk0SnI0NlZ4Y0d6M0R0aV82cEVtWENmUEVDNkVwSVM0aXFDdHFTYktEek10WjVkenpsa25RNkNNeDExQlhlbkJpamlQQWdaSHhtX21KdUpEYnVhWGNuVXZZd3dheHM2WThhR3g1ZDdjdXlpNDZ4YmZPRC1nQk5aTkI2MnFPZ3JYR3F2bjdYM2FxbHdMRm00OUR5NUc5Y0ZFUGtmSkRsNElza1JkTFpWZG5LSDBjU0lqWFRvcFZibXliSWJsWm1fVkNQeUhSNGpwUldYNU9ZelZUMG1fQXU?oc=5"" target=""_blank"">Kimberly-Clark tops indexes as Kenvue deal nears</a>&nbsp;&nbsp;<font color=""#6f6f6f"">MSN</font>","""Kimberly-Clark"" acquisition",,0.5,0.5,0.0,0.375,False
Consumer Goods - 2026 Market & Investments Trends - Tracxn,https://news.google.com/rss/articles/CBMikwFBVV95cUxPZWRSdXV6NVFTRV82YjVqVFJBTnIxOXVlanQwcTVKYzhENWZacjNhUUpjNEdlbVk1RmIydWN1MnZEbDQ5ZVpKSDkzelA1QU1TYUVFcDd6alN0Qkg4RWxxVlpmNWVyajV4TllZWlUwb0JCOTVkR2VHNGhVY01kT1JTRGZuNVFlZFJ2azBjSzRkcnFObGM?oc=5,Tracxn,2026-07-10T00:24:18+00:00,"<a href=""https://news.google.com/rss/articles/CBMikwFBVV95cUxPZWRSdXV6NVFTRV82YjVqVFJBTnIxOXVlanQwcTVKYzhENWZacjNhUUpjNEdlbVk1RmIydWN1MnZEbDQ5ZVpKSDkzelA1QU1TYUVFcDd6alN0Qkg4RWxxVlpmNWVyajV4TllZWlUwb0JCOTVkR2VHNGhVY01kT1JTRGZuNVFlZFJ2azBjSzRkcnFObGM?oc=5"" target=""_blank"">Consumer Goods - 2026 Market & Investments Trends</a>&nbsp;&nbsp;<font color=""#6f6f6f"">Tracxn</font>",consumer goods acquisition OR merger OR funding,,0.5,0.5,0.0,0.375,False
Premium D2C Brand Khoya Secures Strategic Investment from Atelier Expressions - Indian Retailer,https://news.google.com/rss/articles/CBMirAFBVV95cUxPdUxndkV6aUZINlJ1RUVjenlzWXJIeEs0cThpb3BSOUw2LTlQWlJLMUxyc1luZU83aTNzLVFOaUxlUzdIUW1CaG5KV2RKMUFzcVZJemlUNVlpNjRBUWdlMGV5bmxzMFk2a0VTUnFfUDFwTlVCUkdfTV81RF9yQjRWV2hTSk9XSEJFcmpidGlxaEp6b0M0bDM4ZXlabm40NnA0dW5tMUJPR2oyVGw3?oc=5,Indian Retailer,2026-07-15T10:21:01+00:00,"<a href=""https://news.google.com/rss/articles/CBMirAFBVV95cUxPdUxndkV6aUZINlJ1RUVjenlzWXJIeEs0cThpb3BSOUw2LTlQWlJLMUxyc1luZU83aTNzLVFOaUxlUzdIUW1CaG5KV2RKMUFzcVZJemlUNVlpNjRBUWdlMGV5bmxzMFk2a0VTUnFfUDFwTlVCUkdfTV81RF9yQjRWV2hTSk9XSEJFcmpidGlxaEp6b0M0bDM4ZXlabm40NnA0dW5tMUJPR2oyVGw3?oc=5"" target=""_blank"">Premium D2C Brand Khoya Secures Strategic Investment from Atelier Expressions</a>&nbsp;&nbsp;<font color=""#6f6f6f"">Indian Retailer</font>",D2C brand acquisition OR merger OR funding,,0.5,0.5,0.0,0.375,False
"Varun Beverages acquires Kenyan dairy, juice and water business, Devyani Food Industries - Trendtype",https://news.google.com/rss/articles/CBMitAFBVV95cUxPeXZxakdWNGJJalE2VGpRTmQtdlpLZTRaVU03MUFIWUhQTkVoWHhEVWp2VFZ3SkhGNHNVTEQybG9aWlpod19yT2V1OTg4U1JSOWVKX0U3aUQ0c2RLaXQ4cVdELWlPalpiOGdhc2pTSEF2bGg0WGk1Ym40RHhucHpOdV96aHRvNmdLaW9tY2RUbmoza2w5V0hELW8wanp3Ri01LTl3NU5BbWszZU8wN1FpRXdlWHU?oc=5,Trendtype,2026-07-07T13:26:14+00:00,"<a href=""https://news.google.com/rss/articles/CBMitAFBVV95cUxPeXZxakdWNGJJalE2VGpRTmQtdlpLZTRaVU03MUFIWUhQTkVoWHhEVWp2VFZ3SkhGNHNVTEQybG9aWlpod19yT2V1OTg4U1JSOWVKX0U3aUQ0c2RLaXQ4cVdELWlPalpiOGdhc2pTSEF2bGg0WGk1Ym40RHhucHpOdV96aHRvNmdLaW9tY2RUbmoza2w5V0hELW8wanp3Ri01LTl3NU5BbWszZU8wN1FpRXdlWHU?oc=5"" target=""_blank"">Varun Beverages acquires Kenyan dairy, juice and water business, Devyani Food Industries</a>&nbsp;&nbsp;<font color=""#6f6f6f"">Trendtype</font>","""PepsiCo"" acquisition",['FoodBev Media'],0.4,0.5,0.15,0.367,False
"Avid Health at Home Completes 8th Acquisition, Featured as Leading Technology-Enabled Home Care Services Platform - PR Newswire",https://news.google.com/rss/articles/CBMi_AFBVV95cUxOWHVHQmtLejNsbVo5ZXlyaUhqdHdhcmRLVlQwSDQxZG5kcTNWZFRTV2pMUlZtd0szSTR3Y0xSQUliLVVCakNFcXB1MXFkN0hPX2pyMWZYVGZVX2NZMUpsSlpWbGZYQjgxTlNoaXZPLWRDcHFmekpYSTVCYUUzQzVnNlQ3a29xbmpYc0xHbEZFT3lEb2RPRC1lT3BZV1BSMUo0WU9OUGpYLWxmQktKSzJMVHZsSVJHY0hrMU1hNmpLMnZfRWh6dVR4bDV3VjlGTFkzdEpxSmtySkxGTkRkanJsMzZkTUtyMUVBTHZoVHBQcC1kdzEzbXlVbjV4NVo?oc=5,PR Newswire,2026-07-07T11:00:00+00:00,"<a href=""https://news.google.com/rss/articles/CBMi_AFBVV95cUxOWHVHQmtLejNsbVo5ZXlyaUhqdHdhcmRLVlQwSDQxZG5kcTNWZFRTV2pMUlZtd0szSTR3Y0xSQUliLVVCakNFcXB1MXFkN0hPX2pyMWZYVGZVX2NZMUpsSlpWbGZYQjgxTlNoaXZPLWRDcHFmekpYSTVCYUUzQzVnNlQ3a29xbmpYc0xHbEZFT3lEb2RPRC1lT3BZV1BSMUo0WU9OUGpYLWxmQktKSzJMVHZsSVJHY0hrMU1hNmpLMnZfRWh6dVR4bDV3VjlGTFkzdEpxSmtySkxGTkRkanJsMzZkTUtyMUVBTHZoVHBQcC1kdzEzbXlVbjV4NVo?oc=5"" target=""_blank"">Avid Health at Home Completes 8th Acquisition, Featured as Leading Technology-Enabled Home Care Services Platform</a>&nbsp;&nbsp;<font color=""#6f6f6f"">PR Newswire</font>",personal care acquisition OR merger OR funding,['Home Health Care News'],0.4,0.5,0.15,0.367,False
Nepra Foods Advances Planned Acquisition of Idaho Beverage Manufacturing Operations Following Port of Lewiston Approval - ACCESS Newswire,https://news.google.com/rss/articles/CBMi5AFBVV95cUxNSS1iVzMzMnJJS0RuT3hCMm1Hd3V3ZWswQWRndC02eW9nX1lDRUhaVGJlZDVMSy0yZGQ2SmdlTUtMUVhnZUJSVTlCUnkxV0ZSbVRpZVZjaGx2Tnh2aUp1R3p2TTlEdG0td2RuTmdiOFZTNFM3blRWank5YXNUYTAwYy1ZcWFlUWRXaXItUmZ6dTMtN3QwcEJxa0VPSWdSVmpXbzNNeWFsNkc1MHczRXJjTXVRR3RwMXI4YllTWEZFZzY0amxNWVREMUk5dExUTTRGNHNObGtKU1pCREhSWjFjZ1Q2MnY?oc=5,ACCESS Newswire,2026-07-15T11:04:52+00:00,"<a href=""https://news.google.com/rss/articles/CBMi5AFBVV95cUxNSS1iVzMzMnJJS0RuT3hCMm1Hd3V3ZWswQWRndC02eW9nX1lDRUhaVGJlZDVMSy0yZGQ2SmdlTUtMUVhnZUJSVTlCUnkxV0ZSbVRpZVZjaGx2Tnh2aUp1R3p2TTlEdG0td2RuTmdiOFZTNFM3blRWank5YXNUYTAwYy1ZcWFlUWRXaXItUmZ6dTMtN3QwcEJxa0VPSWdSVmpXbzNNeWFsNkc1MHczRXJjTXVRR3RwMXI4YllTWEZFZzY0amxNWVREMUk5dExUTTRGNHNObGtKU1pCREhSWjFjZ1Q2MnY?oc=5"" target=""_blank"">Nepra Foods Advances Planned Acquisition of Idaho Beverage Manufacturing Operations Following Port of Lewiston Approval</a>&nbsp;&nbsp;<font color=""#6f6f6f"">ACCESS Newswire</font>",beverage company acquisition OR merger OR funding,['citybiz'],0.4,0.5,0.15,0.367,False
ABF Completes Hovis Acquisition to Create Combined UK Bakery Business - Food & Beverage Outlook,https://news.google.com/rss/articles/CBMiyAFBVV95cUxNVDZ5SG1zVmxLaS1wN0FlWmRtWWVYZWZQYktzVUd4d0Q5OGlwbG9JbDJ5M3RieFJmVWlYRC1YeG1KWTltcDRhQTdCakdSYlVyVDRXNEhrc0NkQkRCY3BRVkxtSGpyTW42MUVxV0lXV0lOaGRvTzBrTUpxR1dBcmFyWkphUkotT28yM2diWjQzSEhMUkVoRTBSQkhKV2kyZ183QlNad1cwaUxmYko1X3J2ZVZzdnBXWGhIRlhTUXVsSVVCOUNxTHB0cw?oc=5,Food & Beverage Outlook,2026-07-09T06:23:40+00:00,"<a href=""https://news.google.com/rss/articles/CBMiyAFBVV95cUxNVDZ5SG1zVmxLaS1wN0FlWmRtWWVYZWZQYktzVUd4d0Q5OGlwbG9JbDJ5M3RieFJmVWlYRC1YeG1KWTltcDRhQTdCakdSYlVyVDRXNEhrc0NkQkRCY3BRVkxtSGpyTW42MUVxV0lXV0lOaGRvTzBrTUpxR1dBcmFyWkphUkotT28yM2diWjQzSEhMUkVoRTBSQkhKV2kyZ183QlNad1cwaUxmYko1X3J2ZVZzdnBXWGhIRlhTUXVsSVVCOUNxTHB0cw?oc=5"" target=""_blank"">ABF Completes Hovis Acquisition to Create Combined UK Bakery Business</a>&nbsp;&nbsp;<font color=""#6f6f6f"">Food & Beverage Outlook</font>",beverage company acquisition OR merger OR funding,['Snack Food & Wholesale Bakery'],0.4,0.5,0.15,0.367,False
PE fund Harith gets CompCom green light to acquire FlySafair - Moneyweb,https://news.google.com/rss/articles/CBMisgFBVV95cUxNRU5QVnlreGJXX2NRWW1EZHhGMHd3TzdDaG5uQktHVGhtc21idk80cVpuYWN3SVFpT1F3V0U1RU9UTk9LQkRQRmZLbklNQXhQbnVhWTNwdHF4TW5zTnRKSWNKdXFiZm9JUGZQWGhfT0tTSDA3aXBBbmlMb3dCZzh5aWFobVpSWkxQbWhLUlZXRm40eEdfWnRmM09vYWMyMlZ6NndaclV4YW1kVUc4LWtwSWRB?oc=5,Moneyweb,2026-07-14T07:07:43+00:00,"<a href=""https://news.google.com/rss/articles/CBMisgFBVV95cUxNRU5QVnlreGJXX2NRWW1EZHhGMHd3TzdDaG5uQktHVGhtc21idk80cVpuYWN3SVFpT1F3V0U1RU9UTk9LQkRQRmZLbklNQXhQbnVhWTNwdHF4TW5zTnRKSWNKdXFiZm9JUGZQWGhfT0tTSDA3aXBBbmlMb3dCZzh5aWFobVpSWkxQbWhLUlZXRm40eEdfWnRmM09vYWMyMlZ6NndaclV4YW1kVUc4LWtwSWRB?oc=5"" target=""_blank"">PE fund Harith gets CompCom green light to acquire FlySafair</a>&nbsp;&nbsp;<font color=""#6f6f6f"">Moneyweb</font>","""Coca-Cola"" acquisition",,0.4,0.5,0.0,0.33,False
CIMB Securities keeps 'Buy' on Life Water after Hung Tai acquisition - KLSE Screener,https://news.google.com/rss/articles/CBMiwgFBVV95cUxOa2Y4R3VJVml6M3pJbVNlZnBfU0VoZF9nVFRYbUdjaGtZek9CbXZyY0h3Mmo4TXRLZnVFcjBiZ2xzZkdERVV6U0EtVXg2UU52MnhqZ1lHclh1VzhxOEcwTnFlQjl4ZUZZOXA3LTJPdXdYbjNoZEM2M0R4MFJzZ3lZR0V4Qkt3dmdYUWhDUmtxbEt0ZVI2ZktycVpsOEx2SDZQaVY4VFgyanJ5bU9aNXNqNWZlVnRUNzNjTHhSS1VkTHI2Zw?oc=5,KLSE Screener,2026-07-16T02:34:50+00:00,"<a href=""https://news.google.com/rss/articles/CBMiwgFBVV95cUxOa2Y4R3VJVml6M3pJbVNlZnBfU0VoZF9nVFRYbUdjaGtZek9CbXZyY0h3Mmo4TXRLZnVFcjBiZ2xzZkdERVV6U0EtVXg2UU52MnhqZ1lHclh1VzhxOEcwTnFlQjl4ZUZZOXA3LTJPdXdYbjNoZEM2M0R4MFJzZ3lZR0V4Qkt3dmdYUWhDUmtxbEt0ZVI2ZktycVpsOEx2SDZQaVY4VFgyanJ5bU9aNXNqNWZlVnRUNzNjTHhSS1VkTHI2Zw?oc=5"" target=""_blank"">CIMB Securities keeps 'Buy' on Life Water after Hung Tai acquisition</a>&nbsp;&nbsp;<font color=""#6f6f6f"">KLSE Screener</font>",FMCG acquisition OR merger OR funding,,0.4,0.5,0.0,0.33,False
VetnCare Announces Acquisition of Holistic Veterinary Care - Business Wire,https://news.google.com/rss/articles/CBMitgFBVV95cUxPNk1CQ1hHQzExTlRoMERrVnZLdkVzTU5lX3M0R3NxRWJwZ2lxREw2cEEtQ3hhV1pUVFA0aUliNzFYMGt0ek8xR3lHZ1VKOXludGZMTFRMUUFBbTV6aGRVVGVSMXZEQlBLUF9hY0lYUFNoNW5PZktVVFh2QW84MFNyMkVWa1V4UlQ3ZlpKVzlJX3NCWmsyeDUzYTlVNFAtVEcxcjkyYkgtSkJYakVuVEJqNnVYN3Q4QQ?oc=5,Business Wire,2026-07-14T13:00:00+00:00,"<a href=""https://news.google.com/rss/articles/CBMitgFBVV95cUxPNk1CQ1hHQzExTlRoMERrVnZLdkVzTU5lX3M0R3NxRWJwZ2lxREw2cEEtQ3hhV1pUVFA0aUliNzFYMGt0ek8xR3lHZ1VKOXludGZMTFRMUUFBbTV6aGRVVGVSMXZEQlBLUF9hY0lYUFNoNW5PZktVVFh2QW84MFNyMkVWa1V4UlQ3ZlpKVzlJX3NCWmsyeDUzYTlVNFAtVEcxcjkyYkgtSkJYakVuVEJqNnVYN3Q4QQ?oc=5"" target=""_blank"">VetnCare Announces Acquisition of Holistic Veterinary Care</a>&nbsp;&nbsp;<font color=""#6f6f6f"">Business Wire</font>",personal care acquisition OR merger OR funding,,0.4,0.5,0.0,0.33,False
"Kindred Home Care Completes Second Newfoundland Acquisition of 2026, Adding the Helping Hands Group of Companies - PR Newswire Canada",https://news.google.com/rss/articles/CBMi9wFBVV95cUxNWXVsaEJtY0ViRENUV3FzQUFEdjkySXJkR2ZNS3VZbUw2WXhOek9XOV8tYm1TdFZ0UF9SaU55dTQ1NGFROWc2OTNMdUYwbzRvb2V2NHdvaU42MDlRTFJuOWN5Q2hYNTlyQWROR2ZMYUlxcjg0cVZMWGlEbjd4a01oZ3g2QktCY2VzbmExUURHbkkxUXlMQWg1OWJva2p4OVRLSnhkd1c0dG51dWJOUmdIWndQWi1hV3NRa01qY05CQVRWOEt1RGI5WEZKZUNudlR4NHhRRXVCajE3LXdNaXZVcnRtNzA1bFVBMzRaQjRQY0RYSnBCOWNV?oc=5,PR Newswire Canada,2026-07-07T12:00:00+00:00,"<a href=""https://news.google.com/rss/articles/CBMi9wFBVV95cUxNWXVsaEJtY0ViRENUV3FzQUFEdjkySXJkR2ZNS3VZbUw2WXhOek9XOV8tYm1TdFZ0UF9SaU55dTQ1NGFROWc2OTNMdUYwbzRvb2V2NHdvaU42MDlRTFJuOWN5Q2hYNTlyQWROR2ZMYUlxcjg0cVZMWGlEbjd4a01oZ3g2QktCY2VzbmExUURHbkkxUXlMQWg1OWJva2p4OVRLSnhkd1c0dG51dWJOUmdIWndQWi1hV3NRa01qY05CQVRWOEt1RGI5WEZKZUNudlR4NHhRRXVCajE3LXdNaXZVcnRtNzA1bFVBMzRaQjRQY0RYSnBCOWNV?oc=5"" target=""_blank"">Kindred Home Care Completes Second Newfoundland Acquisition of 2026, Adding the Helping Hands Group of Companies</a>&nbsp;&nbsp;<font color=""#6f6f6f"">PR Newswire Canada</font>",personal care acquisition OR merger OR funding,,0.4,0.5,0.0,0.33,False
"Almarai Company: Revenue rose and profit remained stable, with a key acquisition expanding the beverage portfolio - TradingView",https://news.google.com/rss/articles/CBMinwJBVV95cUxQcVhyYVhHTmNJa1FwRWRvUkFWRWFkVkswLUY5ZnRpTm55Y1N6VTRXSzVHTVNENmx6ems2RjJYUUVxcnEtaC1EdG1JRFFjMEpPakd3SGVBTGpFVnhrWHFMeG1uYjExTHl5M0NiY2ZLYzZsWEwxMXMzNVpldVlFVjhNMzNpbmllYXc1TmxULXNhNkxDUWU0dlpKc0Mtb3lxYnBkMVhIZ0wzaTNTYzNxRkhsbDQyRnJvcWd1WHNLRmRwaWRfMXBvOU85eDVQLU45LUp4Wm4xRnhhblViLVhmTFNPSTdKYTJQUlJvUjJvTUIxYVkwaUdPYWlET0E2Z0tiVWRzY01jbGxoNllKSVdkZjJheXNwOC1SQ0JTLTA3ZzZXdw?oc=5,TradingView,2026-07-07T12:06:10+00:00,"<a href=""https://news.google.com/rss/articles/CBMinwJBVV95cUxQcVhyYVhHTmNJa1FwRWRvUkFWRWFkVkswLUY5ZnRpTm55Y1N6VTRXSzVHTVNENmx6ems2RjJYUUVxcnEtaC1EdG1JRFFjMEpPakd3SGVBTGpFVnhrWHFMeG1uYjExTHl5M0NiY2ZLYzZsWEwxMXMzNVpldVlFVjhNMzNpbmllYXc1TmxULXNhNkxDUWU0dlpKc0Mtb3lxYnBkMVhIZ0wzaTNTYzNxRkhsbDQyRnJvcWd1WHNLRmRwaWRfMXBvOU85eDVQLU45LUp4Wm4xRnhhblViLVhmTFNPSTdKYTJQUlJvUjJvTUIxYVkwaUdPYWlET0E2Z0tiVWRzY01jbGxoNllKSVdkZjJheXNwOC1SQ0JTLTA3ZzZXdw?oc=5"" target=""_blank"">Almarai Company: Revenue rose and profit remained stable, with a key acquisition expanding the beverage portfolio</a>&nbsp;&nbsp;<font color=""#6f6f6f"">TradingView</font>",beverage company acquisition OR merger OR funding,,0.4,0.5,0.0,0.33,False
Coca Cola (NYSE:KO) Gets South Africa Backing For 75% Africa Bottler Deal - simplywall.st,https://news.google.com/rss/articles/CBMi0wFBVV95cUxNTzRVa3Z2TENNZnZkMjBMQWd6TUxJWTJMRXdVMWpMU0tCM2JqWWtMQWVRLXJNb1dNaWJMSDlTQXRrbWwyb2l4OEF2M3JoaEwyQkV1dzRkOUR6WFNpeFREWklCVGowYWxMaEFHY2xORTMwblBvdFJsWTFtcnM0T2JYaWdya3BEVjdtM2RrMTd3d2pJNDJqd1pTN1ktazFnRTBUSkFBN0VmSkVaeUNEU1FXU3pfTExuS1dFZ2FBMGMxcnN5STFXSFVndVVFTnlSN0RFU2Y40gHYAUFVX3lxTE9GVjlQUFFMZXgtREZhanRRcVBlYVpTNEdyeElfNW5DTHJPSm5XUHozWlJ5TW80Z2c2MXN4d25aVGVxSkg2RC1aQUJjQU1PWHptOFBMTlNIVElfSlFuWEZUMU1ZMi1SWjBQazBjY3dieFNwNEQ5WmdwMGhaeDJ4UjVESndhYmlHRGlOaWR3bFdPakxVbjRhWTdDSmxfNEZFOWVJamZ0cG4xQW9DNm5XMFdoaFh6eXp1T01XYWJ5bGtuLThfSWxjbzlsTk54SklsX3lEZ0tGU2V3bA?oc=5,simplywall.st,2026-07-15T09:02:37+00:00,"<a href=""https://news.google.com/rss/articles/CBMi0wFBVV95cUxNTzRVa3Z2TENNZnZkMjBMQWd6TUxJWTJMRXdVMWpMU0tCM2JqWWtMQWVRLXJNb1dNaWJMSDlTQXRrbWwyb2l4OEF2M3JoaEwyQkV1dzRkOUR6WFNpeFREWklCVGowYWxMaEFHY2xORTMwblBvdFJsWTFtcnM0T2JYaWdya3BEVjdtM2RrMTd3d2pJNDJqd1pTN1ktazFnRTBUSkFBN0VmSkVaeUNEU1FXU3pfTExuS1dFZ2FBMGMxcnN5STFXSFVndVVFTnlSN0RFU2Y40gHYAUFVX3lxTE9GVjlQUFFMZXgtREZhanRRcVBlYVpTNEdyeElfNW5DTHJPSm5XUHozWlJ5TW80Z2c2MXN4d25aVGVxSkg2RC1aQUJjQU1PWHptOFBMTlNIVElfSlFuWEZUMU1ZMi1SWjBQazBjY3dieFNwNEQ5WmdwMGhaeDJ4UjVESndhYmlHRGlOaWR3bFdPakxVbjRhWTdDSmxfNEZFOWVJamZ0cG4xQW9DNm5XMFdoaFh6eXp1T01XYWJ5bGtuLThfSWxjbzlsTk54SklsX3lEZ0tGU2V3bA?oc=5"" target=""_blank"">Coca Cola (NYSE:KO) Gets South Africa Backing For 75% Africa Bottler Deal</a>&nbsp;&nbsp;<font color=""#6f6f6f"">simplywall.st</font>","""Coca-Cola"" acquisition",['Businessfront'],0.0,0.5,0.55,0.287,False
"Tetr Students Raise ₹1 Crore in Collective Seed Funding from Founders of Noise, Libas, Palo Alto Networks and Others - Indian Startup Times",https://news.google.com/rss/articles/CBMi_gFBVV95cUxQUEl2WUxKeG9MZGpLNzJpVGR3ZDNERXVpdUpzVy1xUmpoc00xQ2J1dmdsd1V6U19yWDlPTTU1eGN1S3pBLVhoOXJacEF5cVVQY21femFUV0dpalVZems3UjRzQlIwblc4VUxIWlZyQXZuTTVEUTQwbWdlMnlfemN2TUIzZXFaenhyc2tZQnhVeXgyRy1lbDdmaVBXNmNiOTBROEF0VDV0V1dib0FsLS1VZjZ2WnREMHVEWFRuMDVwOTlxM1RLaUhQcDBacFZQRzBKLUlRVXZQRHJNb0VCYnZ5T2h3Z3haUHZKRzBsajh3aTBocHM3WDhuT3g1aUpvZw?oc=5,Indian Startup Times,2026-07-09T14:25:25+00:00,"<a href=""https://news.google.com/rss/articles/CBMi_gFBVV95cUxQUEl2WUxKeG9MZGpLNzJpVGR3ZDNERXVpdUpzVy1xUmpoc00xQ2J1dmdsd1V6U19yWDlPTTU1eGN1S3pBLVhoOXJacEF5cVVQY21femFUV0dpalVZems3UjRzQlIwblc4VUxIWlZyQXZuTTVEUTQwbWdlMnlfemN2TUIzZXFaenhyc2tZQnhVeXgyRy1lbDdmaVBXNmNiOTBROEF0VDV0V1dib0FsLS1VZjZ2WnREMHVEWFRuMDVwOTlxM1RLaUhQcDBacFZQRzBKLUlRVXZQRHJNb0VCYnZ5T2h3Z3haUHZKRzBsajh3aTBocHM3WDhuT3g1aUpvZw?oc=5"" target=""_blank"">Tetr Students Raise ₹1 Crore in Collective Seed Funding from Founders of Noise, Libas, Palo Alto Networks and Others</a>&nbsp;&nbsp;<font color=""#6f6f6f"">Indian Startup Times</font>",consumer products acquisition OR merger OR funding,['Indian Startup Times'],0.0,0.5,0.55,0.287,False
D2C footwear brand Built raises $2 million funding led by Tanglin Venture Partners - The Economic Times,https://news.google.com/rss/articles/CBMi7AFBVV95cUxOcE1RODliMEdralc1TjBDYVFFNE00UmlvbjRiTko4YTlka3ZfdzBadkhHcE5jdWRLdmlUNHZGWFQ0MFNCVTFvOVRINk1xNlRKVWJhbS1qRHdkWkh2bU5XejBiOEZINUduSVpGNE91M2dkcmlab3N1ME9VYTNQU0VKVTc1Z0RQQTBLSjBUZUl1ZVNwTDF1dnNwUGhzZlJDdVJURjdXQXcxU1BiVjNwdXRUaUh0SWYwY2hxajRQSG9pd2hOSDZ6TDRFWWhoVnZBOTRuQzNhb1VFa0ctNFhiLXAyc2ZjQ2g1YXhxeVljONIB5wFBVV95cUxOeVphNjRJT1NpLXU2c25GaEdvajdBcHRKV09DajRYX1F5azNqT3ZiUDU4X1JWbV9FcGQxU1Vxc1NGOXlkdWlsR01pMUJWaHFXM0xDWEl3WHR0a29fbllwWDN4VF9aQ3pyTWtTbTNKNkc3LVUzMHM1T3pMN1BZRTdwVFBiclFwYmZsNjgyVG5WemZoYW9rV0FiQ3c1TEtYTWlJR2hvT1NSVXNCMEk2R0N0Ti1HbHpybWpueWc4ZWZhZUFock1DNGlpLWUtT1FFaDhGV3BRMm9tWUtaQll5eWFhM2w3N3ExRFk?oc=5,The Economic Times,2026-07-15T16:20:25+00:00,"<a href=""https://news.google.com/rss/articles/CBMi7AFBVV95cUxOcE1RODliMEdralc1TjBDYVFFNE00UmlvbjRiTko4YTlka3ZfdzBadkhHcE5jdWRLdmlUNHZGWFQ0MFNCVTFvOVRINk1xNlRKVWJhbS1qRHdkWkh2bU5XejBiOEZINUduSVpGNE91M2dkcmlab3N1ME9VYTNQU0VKVTc1Z0RQQTBLSjBUZUl1ZVNwTDF1dnNwUGhzZlJDdVJURjdXQXcxU1BiVjNwdXRUaUh0SWYwY2hxajRQSG9pd2hOSDZ6TDRFWWhoVnZBOTRuQzNhb1VFa0ctNFhiLXAyc2ZjQ2g1YXhxeVljONIB5wFBVV95cUxOeVphNjRJT1NpLXU2c25GaEdvajdBcHRKV09DajRYX1F5azNqT3ZiUDU4X1JWbV9FcGQxU1Vxc1NGOXlkdWlsR01pMUJWaHFXM0xDWEl3WHR0a29fbllwWDN4VF9aQ3pyTWtTbTNKNkc3LVUzMHM1T3pMN1BZRTdwVFBiclFwYmZsNjgyVG5WemZoYW9rV0FiQ3c1TEtYTWlJR2hvT1NSVXNCMEk2R0N0Ti1HbHpybWpueWc4ZWZhZUFock1DNGlpLWUtT1FFaDhGV3BRMm9tWUtaQll5eWFhM2w3N3ExRFk?oc=5"" target=""_blank"">D2C footwear brand Built raises $2 million funding led by Tanglin Venture Partners</a>&nbsp;&nbsp;<font color=""#6f6f6f"">The Economic Times</font>",D2C brand acquisition OR merger OR funding,['BW Disrupt'],0.0,0.5,0.55,0.287,False
BlissClub Set To Raise Rs 250 Crore Funding At Rs 750 Crore Valuation - ascendants.in,https://news.google.com/rss/articles/CBMiigFBVV95cUxPS095TW04cXZpTTl4LXR0RFJZX1FRLWRaN00tX0l5NHpFR2tSRWllSUJWYm1KbWtyZzRYYVFPemthSWxIZ2ZpR1R6ZFlkM1ZVNjQ5RXR4QjktS1U0VVlWZk1PMmdzdGJXUUdNUGtWTldyMUI0NXF4RWg0ZWpPN0pybW5obXNibXByM3c?oc=5,ascendants.in,2026-07-16T02:07:10+00:00,"<a href=""https://news.google.com/rss/articles/CBMiigFBVV95cUxPS095TW04cXZpTTl4LXR0RFJZX1FRLWRaN00tX0l5NHpFR2tSRWllSUJWYm1KbWtyZzRYYVFPemthSWxIZ2ZpR1R6ZFlkM1ZVNjQ5RXR4QjktS1U0VVlWZk1PMmdzdGJXUUdNUGtWTldyMUI0NXF4RWg0ZWpPN0pybW5obXNibXByM3c?oc=5"" target=""_blank"">BlissClub Set To Raise Rs 250 Crore Funding At Rs 750 Crore Valuation</a>&nbsp;&nbsp;<font color=""#6f6f6f"">ascendants.in</font>",D2C brand acquisition OR merger OR funding,,0.0,0.5,0.4,0.25,False
FIFTH SENSE raises ₹6.3 crore in pre-seed round to build an emotion-led fragrance brand - ascendants.in,https://news.google.com/rss/articles/CBMingFBVV95cUxQSXVTOWllRnpSOXRyZE5jTEF3a0h3TmMzZk9ud3Fiam5HTnZ0WklpLXYtSklSRmxZTENYaWZQbEtsc1FQSVk0UmhiM0NLSGoyNzFUdFJTdkpNNDEwX090dmJWd3dmV1lKVE9ZbW1HSE9kWXQxMjdpUjVVQ3N5eUJja2JsYmhXajdZQWFLeTBrQ3FwbHZsc19SclBLdzJXUQ?oc=5,ascendants.in,2026-07-13T16:18:23+00:00,"<a href=""https://news.google.com/rss/articles/CBMingFBVV95cUxQSXVTOWllRnpSOXRyZE5jTEF3a0h3TmMzZk9ud3Fiam5HTnZ0WklpLXYtSklSRmxZTENYaWZQbEtsc1FQSVk0UmhiM0NLSGoyNzFUdFJTdkpNNDEwX090dmJWd3dmV1lKVE9ZbW1HSE9kWXQxMjdpUjVVQ3N5eUJja2JsYmhXajdZQWFLeTBrQ3FwbHZsc19SclBLdzJXUQ?oc=5"" target=""_blank"">FIFTH SENSE raises ₹6.3 crore in pre-seed round to build an emotion-led fragrance brand</a>&nbsp;&nbsp;<font color=""#6f6f6f"">ascendants.in</font>",D2C brand acquisition OR merger OR funding,,0.0,0.5,0.4,0.25,False
ClayCo Secures Rs 34.59 Crore Series A to Accelerate Growth and Product Expansion - ascendants.in,https://news.google.com/rss/articles/CBMid0FVX3lxTE1nbFlTY1dQYXUyeXFxc2YyZkg1Q2ZNaFZiSnlfUGhVS2NUbXYzMmRtX043TFNfWmloZTItbkNPNmxDbmJNZkMxUEl6VmN0dU95dmREX1lpUy1ZTDBjUEUyUlY1SzFpREhidzVjVnJybDI1ZjBEQ21N?oc=5,ascendants.in,2026-07-10T05:07:03+00:00,"<a href=""https://news.google.com/rss/articles/CBMid0FVX3lxTE1nbFlTY1dQYXUyeXFxc2YyZkg1Q2ZNaFZiSnlfUGhVS2NUbXYzMmRtX043TFNfWmloZTItbkNPNmxDbmJNZkMxUEl6VmN0dU95dmREX1lpUy1ZTDBjUEUyUlY1SzFpREhidzVjVnJybDI1ZjBEQ21N?oc=5"" target=""_blank"">ClayCo Secures Rs 34.59 Crore Series A to Accelerate Growth and Product Expansion</a>&nbsp;&nbsp;<font color=""#6f6f6f"">ascendants.in</font>",D2C brand acquisition OR merger OR funding,,0.0,0.5,0.4,0.25,False
Healthy snacks brand Open Secret raises over Rs 50 Cr funding - YourStory.com,https://news.google.com/rss/articles/CBMiiAFBVV95cUxOeTAzNHNuWEUzTkthRlh4QkJXLW9USm1hbl9EWnQydUpjSjgxYjVqZGhXbGhBc2h1WkJGSUtHLUpXNUVuLUFuYXRET2JlVkVOd1VpTEdjX0JlRS0wX0Q3eFpXQmhidVd3Z3duSU9GN29tUVVFaHdVc09WYnNVVjRTeGhzVHJRQjFN?oc=5,YourStory.com,2026-07-15T14:15:36+00:00,"<a href=""https://news.google.com/rss/articles/CBMiiAFBVV95cUxOeTAzNHNuWEUzTkthRlh4QkJXLW9USm1hbl9EWnQydUpjSjgxYjVqZGhXbGhBc2h1WkJGSUtHLUpXNUVuLUFuYXRET2JlVkVOd1VpTEdjX0JlRS0wX0Q3eFpXQmhidVd3Z3duSU9GN29tUVVFaHdVc09WYnNVVjRTeGhzVHJRQjFN?oc=5"" target=""_blank"">Healthy snacks brand Open Secret raises over Rs 50 Cr funding</a>&nbsp;&nbsp;<font color=""#6f6f6f"">YourStory.com</font>",snack brand acquisition OR merger OR funding,"['The Economic Times', 'Lapaas Voice']",0.0,0.5,0.3,0.225,False
Rawbare Funding: Indian Eyewear Brand Raises Capital to Expand Overseas - Know Startup,https://news.google.com/rss/articles/CBMiiwFBVV95cUxOLW9BU1V5Sk5UVWhnQkxMeVJpXy16MUNrbzQzYmdIbm5HdG5MWGViTHJNeGR6ay1TVmtVZEJ4WThrWENOWWhLY0hYS0R5VThSYlFQOG11dVVNMXgydWt1TlJCUkVYRVNRazE2YldPdUxHYWJoeDVqWElxWUtjRkF0OWpzMkY5LWFRWkNV?oc=5,Know Startup,2026-07-15T06:21:52+00:00,"<a href=""https://news.google.com/rss/articles/CBMiiwFBVV95cUxOLW9BU1V5Sk5UVWhnQkxMeVJpXy16MUNrbzQzYmdIbm5HdG5MWGViTHJNeGR6ay1TVmtVZEJ4WThrWENOWWhLY0hYS0R5VThSYlFQOG11dVVNMXgydWt1TlJCUkVYRVNRazE2YldPdUxHYWJoeDVqWElxWUtjRkF0OWpzMkY5LWFRWkNV?oc=5"" target=""_blank"">Rawbare Funding: Indian Eyewear Brand Raises Capital to Expand Overseas</a>&nbsp;&nbsp;<font color=""#6f6f6f"">Know Startup</font>",D2C brand acquisition OR merger OR funding,"['Local Samosa', 'Indian Retailer', 'Indian Startup Times']",0.0,0.5,0.3,0.225,False
"Caffe Vita signs luxury grocer, restaurant group after buying Phoenix beverage company (Video) - The Business Journals",https://news.google.com/rss/articles/CBMipgFBVV95cUxNWjFoNk4yMFZ3U1A1YUhZcG5tZjAwVTRmU2VuVjVsdVJaLW9WRURCeHlkZGwyUGdVODhKZ1o0WWdxTGE3dG13U3lldFcwU0pERlA5TlhfdWN6aWJBcEI0MTRNNzAwQXFhN3ZZN1pPWE1fUW5EZE1JZDNOMll1dmJWX3BZX0dMd0M2UlRoek5oQlR4Tk9BcXJycjdtSndRMkJlRUttOVlR?oc=5,The Business Journals,2026-07-14T12:40:00+00:00,"<a href=""https://news.google.com/rss/articles/CBMipgFBVV95cUxNWjFoNk4yMFZ3U1A1YUhZcG5tZjAwVTRmU2VuVjVsdVJaLW9WRURCeHlkZGwyUGdVODhKZ1o0WWdxTGE3dG13U3lldFcwU0pERlA5TlhfdWN6aWJBcEI0MTRNNzAwQXFhN3ZZN1pPWE1fUW5EZE1JZDNOMll1dmJWX3BZX0dMd0M2UlRoek5oQlR4Tk9BcXJycjdtSndRMkJlRUttOVlR?oc=5"" target=""_blank"">Caffe Vita signs luxury grocer, restaurant group after buying Phoenix beverage company (Video)</a>&nbsp;&nbsp;<font color=""#6f6f6f"">The Business Journals</font>",beverage company acquisition OR merger OR funding,,0.1,0.5,0.0,0.195,False
This Looks Like the Perfect Stock for Warren Buffett and Greg Abel to Buy Right Now - AOL.com,https://news.google.com/rss/articles/CBMihAFBVV95cUxORnhaekhJbEVOTzFFSFprTE5ES1VSU200V3NXTmZNaThrQ0wzVWxSNzlNb1k1YzhzbEYzV2FDa3czZGRoTHE4Y0tzaEVuanY2Y2czUHFGR2FrNktSLXN5RVA1OWV4bU1BMVpPMzVTUFFtTzVuTHFKLXp3Z3JuWVNOVExDVDc?oc=5,AOL.com,2026-07-12T19:52:29+00:00,"<a href=""https://news.google.com/rss/articles/CBMihAFBVV95cUxORnhaekhJbEVOTzFFSFprTE5ES1VSU200V3NXTmZNaThrQ0wzVWxSNzlNb1k1YzhzbEYzV2FDa3czZGRoTHE4Y0tzaEVuanY2Y2czUHFGR2FrNktSLXN5RVA1OWV4bU1BMVpPMzVTUFFtTzVuTHFKLXp3Z3JuWVNOVExDVDc?oc=5"" target=""_blank"">This Looks Like the Perfect Stock for Warren Buffett and Greg Abel to Buy Right Now</a>&nbsp;&nbsp;<font color=""#6f6f6f"">AOL.com</font>","""Kraft Heinz"" acquisition",,0.0,0.5,0.0,0.15,False
"India Digest: Naturis Cosmetics, Reo.Dev secure fresh funding - DealStreetAsia",https://news.google.com/rss/articles/CBMie0FVX3lxTE1sVm1DMHd2VHNSR3RjZW1tUklxdDd5OVUwQTdjV2I2RTQwWkkydWkzX3VBcUpjWlY2NjloQ3k5UjlyLWgteU05MUFjTEc2VnhmOENkZW9NWUYyNjhqWDB4X1F5cU1faWxmODhEblJNZ0V0U3RzSDJqYWNJUQ?oc=5,DealStreetAsia,2026-07-16T10:03:57+00:00,"<a href=""https://news.google.com/rss/articles/CBMie0FVX3lxTE1sVm1DMHd2VHNSR3RjZW1tUklxdDd5OVUwQTdjV2I2RTQwWkkydWkzX3VBcUpjWlY2NjloQ3k5UjlyLWgteU05MUFjTEc2VnhmOENkZW9NWUYyNjhqWDB4X1F5cU1faWxmODhEblJNZ0V0U3RzSDJqYWNJUQ?oc=5"" target=""_blank"">India Digest: Naturis Cosmetics, Reo.Dev secure fresh funding</a>&nbsp;&nbsp;<font color=""#6f6f6f"">DealStreetAsia</font>",personal care acquisition OR merger OR funding,,0.0,0.5,0.0,0.15,False
"As states absorb Medicaid funding cuts, family caregivers face financial ruin - STAT",https://news.google.com/rss/articles/CBMinAFBVV95cUxQZGQ4R2tkLV9jajF3MEk2SHA4VWdvdURTSElOWVlqQzhYbDA1Qk8tOFNYSVZhaEpxU2ljMHZBb3RoNElKVVNZY0FfUkFfd2d2T3hfeU1IN0hpTGg3cEZxWUpqcUFnTTgwSWJrM0ZkUHk1bE42Z2xuWTRWYmRERTlBS0dZWGJHVUpBRXBRVzZUUlRaanhBTFNnbjR0RGg?oc=5,STAT,2026-07-13T08:31:03+00:00,"<a href=""https://news.google.com/rss/articles/CBMinAFBVV95cUxQZGQ4R2tkLV9jajF3MEk2SHA4VWdvdURTSElOWVlqQzhYbDA1Qk8tOFNYSVZhaEpxU2ljMHZBb3RoNElKVVNZY0FfUkFfd2d2T3hfeU1IN0hpTGg3cEZxWUpqcUFnTTgwSWJrM0ZkUHk1bE42Z2xuWTRWYmRERTlBS0dZWGJHVUpBRXBRVzZUUlRaanhBTFNnbjR0RGg?oc=5"" target=""_blank"">As states absorb Medicaid funding cuts, family caregivers face financial ruin</a>&nbsp;&nbsp;<font color=""#6f6f6f"">STAT</font>",personal care acquisition OR merger OR funding,,0.0,0.5,0.0,0.15,False
GAO Breaks Down Long-Term Care Funding (Who Pays for What?) - thestreet.com,https://news.google.com/rss/articles/CBMimAFBVV95cUxPZlpGdnRJd05uLW5mY0RwSkd4SU1MMTJ6QkxVLU5Nc0pFbE9RaEFTRmpzalNqYkVZakltbG5TNkdhbHpkMEJRX096Tjh0al9jbFlzektYbWcyeWN5S2N3OV8zZHF2cWJzaXhFQU8za01SUGpqVGNKbTdPUE1xd3dYVW0xczN4RXNTWDFjNlZtbVlQRlF3RGtPOQ?oc=5,thestreet.com,2026-07-15T11:30:00+00:00,"<a href=""https://news.google.com/rss/articles/CBMimAFBVV95cUxPZlpGdnRJd05uLW5mY0RwSkd4SU1MMTJ6QkxVLU5Nc0pFbE9RaEFTRmpzalNqYkVZakltbG5TNkdhbHpkMEJRX096Tjh0al9jbFlzektYbWcyeWN5S2N3OV8zZHF2cWJzaXhFQU8za01SUGpqVGNKbTdPUE1xd3dYVW0xczN4RXNTWDFjNlZtbVlQRlF3RGtPOQ?oc=5"" target=""_blank"">GAO Breaks Down Long-Term Care Funding (Who Pays for What?)</a>&nbsp;&nbsp;<font color=""#6f6f6f"">thestreet.com</font>",personal care acquisition OR merger OR funding,,0.0,0.5,0.0,0.15,False
Cassim calls for urgent action over Unisa NSFAS funding delays - South African Government News Agency,https://news.google.com/rss/articles/CBMingFBVV95cUxQRWNkTnI0NVJxbEowWXBXSWNKclZjRnRzcTlRN21mdVcwaUFzeUM4bzVKbUdZbW9jOFdMczlnVzNseVdFWWJWTExaMjh1aE5pV01wMm9TM2ZCNnVkdmpla3VLZ0FfN2ptQkhCYUJTV3JHR0VqVlJKbUdEWkZDX29GSmR4bzRLVW5HdVpIR1htajFpYTBDamZJV1lUMXdJUQ?oc=5,South African Government News Agency,2026-07-13T09:47:45+00:00,"<a href=""https://news.google.com/rss/articles/CBMingFBVV95cUxQRWNkTnI0NVJxbEowWXBXSWNKclZjRnRzcTlRN21mdVcwaUFzeUM4bzVKbUdZbW9jOFdMczlnVzNseVdFWWJWTExaMjh1aE5pV01wMm9TM2ZCNnVkdmpla3VLZ0FfN2ptQkhCYUJTV3JHR0VqVlJKbUdEWkZDX29GSmR4bzRLVW5HdVpIR1htajFpYTBDamZJV1lUMXdJUQ?oc=5"" target=""_blank"">Cassim calls for urgent action over Unisa NSFAS funding delays</a>&nbsp;&nbsp;<font color=""#6f6f6f"">South African Government News Agency</font>",personal care acquisition OR merger OR funding,,0.0,0.5,0.0,0.15,False
Is there a cap on care home fees? | 2026 - carehome.co.uk,https://news.google.com/rss/articles/CBMidkFVX3lxTFBXSThXNVlIUmE5eEZxVWxDNTRSd09WaDQ3RXJ0eTZOZW5yRVgzRkJSa1NkVGszQVdnODJJcDZ6QTVRaGpJSFU2Q2JGLTNhY3FMcjBwdU1CWjc1QVMwS0RRTlpSbk9nX3lsV0h1UzlNeElvbWE0cXc?oc=5,carehome.co.uk,2026-07-08T11:06:58+00:00,"<a href=""https://news.google.com/rss/articles/CBMidkFVX3lxTFBXSThXNVlIUmE5eEZxVWxDNTRSd09WaDQ3RXJ0eTZOZW5yRVgzRkJSa1NkVGszQVdnODJJcDZ6QTVRaGpJSFU2Q2JGLTNhY3FMcjBwdU1CWjc1QVMwS0RRTlpSbk9nX3lsV0h1UzlNeElvbWE0cXc?oc=5"" target=""_blank"">Is there a cap on care home fees? | 2026</a>&nbsp;&nbsp;<font color=""#6f6f6f"">carehome.co.uk</font>",personal care acquisition OR merger OR funding,,0.0,0.5,0.0,0.15,False
The D2C Reckoning: Why Unit Economics Will Separate the Winners from the Noise in 2026 - ascendants.in,https://news.google.com/rss/articles/CBMijAFBVV95cUxOeGdtWUctZ2lxbDh4SXJ4RXJqTXY2UmN1NExkbmJEd3phWE0wemM0aGRBRWhsMGlGYmlZZ2tianJPaFZ1NHBtVnZwTVhRVGcwSldOVVRzNExRR2FNUTc3OXJzM29HVG9tcGNNR1ZHYlV5NmZoQk5sV2o1UUF1ZlliYno1VDdLWnJOLS1pRA?oc=5,ascendants.in,2026-07-15T07:04:42+00:00,"<a href=""https://news.google.com/rss/articles/CBMijAFBVV95cUxOeGdtWUctZ2lxbDh4SXJ4RXJqTXY2UmN1NExkbmJEd3phWE0wemM0aGRBRWhsMGlGYmlZZ2tianJPaFZ1NHBtVnZwTVhRVGcwSldOVVRzNExRR2FNUTc3OXJzM29HVG9tcGNNR1ZHYlV5NmZoQk5sV2o1UUF1ZlliYno1VDdLWnJOLS1pRA?oc=5"" target=""_blank"">The D2C Reckoning: Why Unit Economics Will Separate the Winners from the Noise in 2026</a>&nbsp;&nbsp;<font color=""#6f6f6f"">ascendants.in</font>",D2C brand acquisition OR merger OR funding,,0.0,0.5,0.0,0.15,False
